"市場","year","week","上價","中價","下價","平均價_元每公斤","交易量_公斤"
"400 台中市",2015,1,86.7,79.475,67.35,77.9,1427
"400 台中市",2015,2,61.4666666666667,53.3666666666667,42.45,53.2,4610
"400 台中市",2015,3,45.6333333333333,40.2166666666667,32.0666666666667,39.9333333333333,4661
"400 台中市",2015,4,37.45,33.2833333333333,26.2166666666667,33.2333333333333,5222
"400 台中市",2015,5,38.6833333333333,35.6333333333333,29.8833333333333,35.1,5557
"400 台中市",2015,6,38.9833333333333,34.4833333333333,26.6166666666667,33.6333333333333,5478
"400 台中市",2015,7,72.6833333333333,65.65,50.3333333333333,64.0333333333333,8021
"400 台中市",2015,8,61.3666666666667,49.0666666666667,34.7666666666667,47.7333333333333,3842
"400 台中市",2015,9,26.06,19.32,12,18.68,6515
"400 台中市",2015,10,34.975,25.725,17.35,25.725,2926
"400 台中市",2015,11,41.7666666666667,30.55,16.5666666666667,29.9833333333333,3567
"400 台中市",2015,12,43.9333333333333,35.95,23.4166666666667,34.75,2631
"400 台中市",2015,13,46.5,38.1333333333333,27.4666666666667,37.6333333333333,2508
"400 台中市",2015,14,59.22,45.48,28.02,44.38,1101
"400 台中市",2015,15,53,47.3333333333333,38.4166666666667,47.4333333333333,385
"400 台中市",2015,16,86,74.2833333333333,64.8333333333333,74.4,254
"400 台中市",2015,17,92.8,89.8,80.8,89.94,265
"400 台中市",2015,18,92,84.1666666666667,49,79.75,272
"400 台中市",2015,19,76.75,71.5,66.375,68.75,327
"400 台中市",2015,20,67,67,67,67,40
"400 台中市",2015,21,21,21,21,21,26
"400 台中市",2015,22,85,74.4,61.4,69.18,348
"400 台中市",2015,23,74.25,61.1333333333333,43.4166666666667,66.8333333333333,1158
"400 台中市",2015,24,74.4,72,69.6,72.94,268
"400 台中市",2015,25,91,86.65,86.5,87.75,292
"400 台中市",2015,43,91,91,91,91,56
"400 台中市",2015,44,79,72,54.25,70.3,151
"400 台中市",2015,45,63.25,56.7166666666667,46.4166666666667,56.8333333333333,711
"400 台中市",2015,46,79.8333333333333,52.55,36.6666666666667,58.1,387
"400 台中市",2015,47,61,39.7833333333333,22.25,40.9,605
"400 台中市",2015,48,49.75,40.4833333333333,31,39.85,283
"400 台中市",2015,49,92.0833333333333,65.3833333333333,38.5833333333333,62.2,617
"400 台中市",2015,50,94.85,70.2833333333333,39.5333333333333,71.4166666666667,824
"400 台中市",2015,51,90.0833333333333,76,43.6666666666667,73.1666666666667,954
"400 台中市",2015,52,68.0833333333333,58.0166666666667,39.4666666666667,58.1166666666667,3927
"400 台中市",2015,53,45.7666666666667,38.5,24.7,36.8,1490
"400 台中市",2016,1,43.5333333333333,36.0833333333333,21.0666666666667,35.15,4403
"400 台中市",2016,2,51.1,43.8166666666667,34.2666666666667,44,2526
"400 台中市",2016,3,96.1833333333333,83.4333333333333,50.5333333333333,81.7,1906
"400 台中市",2016,4,137.65,113.65,71.8833333333333,113.483333333333,1633
"400 台中市",2016,5,187.2,147.814285714286,66.8285714285714,138.185714285714,3385
"400 台中市",2016,6,110.25,78,41.4,78.85,1634
"400 台中市",2016,7,90.7,74.78,37.16,69.98,3682
"400 台中市",2016,8,85.975,71.1,32.5,66.9,2930
"400 台中市",2016,9,83.5166666666667,73.3666666666667,49.6166666666667,71.0166666666667,3730
"400 台中市",2016,10,65.65,54.3,32.5666666666667,53.6333333333333,4825
"400 台中市",2016,11,95.6666666666667,70.85,35.6333333333333,72.8333333333333,1467
"400 台中市",2016,12,125.783333333333,81.8833333333333,53.1166666666667,84.9,897
"400 台中市",2016,13,174.216666666667,130.35,54.2833333333333,133.016666666667,517
"400 台中市",2016,14,87.8,61.82,29.5,59.2,619
"400 台中市",2016,15,76.5833333333333,51.6666666666667,39.25,55.9166666666667,507
"400 台中市",2016,16,82.4,74.6,61.6,72.42,190
"400 台中市",2016,17,67,65.2,60.4,64.58,135
"400 台中市",2016,18,73.75,71.875,68.75,71.675,137
"400 台中市",2016,19,62.6666666666667,57.1666666666667,51.6666666666667,58.0666666666667,52
"400 台中市",2016,20,45,45,45,45,6
"400 台中市",2016,23,79,79,79,79,120
"400 台中市",2016,45,107,107,107,107,9
"400 台中市",2016,46,155,155,155,155,11
"400 台中市",2016,47,120.1,94.4,79.2,97.82,301
"400 台中市",2016,48,132.666666666667,112.2,84.2,107.266666666667,446
"400 台中市",2016,49,102.466666666667,89.9333333333333,63.2,86.6,1504
"400 台中市",2016,50,95.0166666666667,81.9166666666667,57.8333333333333,80.0666666666667,1220
"400 台中市",2016,51,69.7833333333333,59.7833333333333,45.2333333333333,59.3,4274
"400 台中市",2016,52,46.44,36.36,23.66,37.4,2457
"400 台中市",2016,53,50.3333333333333,45.2333333333333,36.2666666666667,44.5333333333333,1218
"400 台中市",2017,1,50.3166666666667,40,26.7166666666667,40.3666666666667,4833
"400 台中市",2017,2,46.5166666666667,32.65,17.55,32.3833333333333,5468
"400 台中市",2017,3,93.3166666666667,71.4333333333333,39.2,71.4833333333333,4478
"400 台中市",2017,4,89.95,70.675,43.55,65.725,6024
"400 台中市",2017,5,40.2,28.3333333333333,16.8333333333333,27.4,3253
"400 台中市",2017,6,43.68,34.72,22.92,33.56,3500
"400 台中市",2017,7,48.4666666666667,40.6166666666667,32.4833333333333,40.7,3076
"400 台中市",2017,8,44.8666666666667,34.8333333333333,27.75,35.65,3747
"400 台中市",2017,9,61.9166666666667,52.7666666666667,34.0333333333333,51.5166666666667,1831
"400 台中市",2017,10,57.7166666666667,45.7,26.0166666666667,45.1166666666667,2749
"400 台中市",2017,11,59.2666666666667,48.1833333333333,30.2333333333333,48.4333333333333,2088
"400 台中市",2017,12,60.5833333333333,51.9666666666667,32.1666666666667,50.7166666666667,1935
"400 台中市",2017,13,67.2833333333333,52.8833333333333,36.05,52.4333333333333,840
"400 台中市",2017,14,71.8,59.46,48.8,61.12,406
"400 台中市",2017,15,71.1666666666667,62.45,39.8333333333333,58.1833333333333,1053
"400 台中市",2017,16,78.1666666666667,61.8,43.0833333333333,59.85,796
"400 台中市",2017,17,83,65,37.75,73.1,497
"400 台中市",2017,18,101.6,89.8,78,98.52,130
"400 台中市",2017,19,47.2,44.7,42.2,44.38,120
"400 台中市",2017,20,55,55,55,55,11
"400 台中市",2017,41,58,58,58,58,64
"400 台中市",2017,42,89.5,88.25,87,87.85,39
"400 台中市",2017,43,20,20,20,20,15
"400 台中市",2017,44,99,99,99,99,12
"400 台中市",2017,45,191.8,173.7,155.6,185.76,132
"400 台中市",2017,46,123.75,117.75,111.75,116.95,131
"400 台中市",2017,47,104.5,93.7166666666667,69.5,91.3666666666667,767
"400 台中市",2017,48,106.416666666667,99.9333333333333,86.7,99.65,937
"400 台中市",2017,49,98.2666666666667,91.5833333333333,73.7333333333333,90.15,984
"400 台中市",2017,50,116.083333333333,109.483333333333,88.3,107.4,1125
"400 台中市",2017,51,124.45,112.566666666667,87.8,109.95,1027
"400 台中市",2017,52,74.1714285714286,64.4714285714286,48.5285714285714,64.2428571428571,3784
"400 台中市",2018,1,55.3833333333333,48.0333333333333,38.5666666666667,47.85,4615
"400 台中市",2018,2,61.55,53.8166666666667,39,51.7,3319
"400 台中市",2018,3,70.7,59.6,43.4166666666667,58.5333333333333,4873
"400 台中市",2018,4,54.1666666666667,45.8666666666667,31.25,45.3666666666667,5895
"400 台中市",2018,5,71.9166666666667,61.4333333333333,37.5666666666667,60,5158
"400 台中市",2018,6,134.983333333333,113.85,76.85,108.633333333333,3940
"400 台中市",2018,7,138.625,109.85,69.3,105.125,4244
"400 台中市",2018,8,46,35.7666666666667,21.0333333333333,35.4333333333333,4610
"400 台中市",2018,9,44.5,35.9666666666667,20.2833333333333,35.25,6175
"400 台中市",2018,10,43.65,32.25,19.6,32.375,4167
"400 台中市",2018,11,54.5,44.3333333333333,30.5,44.0333333333333,3202
"400 台中市",2018,12,50.6666666666667,36.0166666666667,22.5666666666667,36.7333333333333,3120
"400 台中市",2018,13,55.2166666666667,36.3333333333333,23.4166666666667,34.6666666666667,2170
"400 台中市",2018,14,45.25,25.4,14.9,26,2199
"400 台中市",2018,15,44.1166666666667,33.95,21.8,34.1166666666667,1170
"400 台中市",2018,16,47,40.2333333333333,33.4166666666667,40.6333333333333,854
"400 台中市",2018,17,65.4,63.4,57.8,63.12,327
"400 台中市",2018,18,62.6666666666667,45.6666666666667,36.6666666666667,48.2666666666667,507
"400 台中市",2018,19,52.6666666666667,49.45,46.3333333333333,48.5,497
"400 台中市",2018,21,37.25,28.5,21.25,26.675,426
"400 台中市",2018,26,76,76,76,76,2
"400 台中市",2018,32,108,108,108,108,9
"400 台中市",2018,33,128,128,128,128,10
"400 台中市",2018,34,116,116,116,116,9
"400 台中市",2018,42,151,151,151,151,29
"400 台中市",2018,43,105.333333333333,104.166666666667,98.6666666666667,102.066666666667,82
"400 台中市",2018,44,110.583333333333,100.666666666667,85,103.616666666667,231
"400 台中市",2018,45,96.1166666666667,78.25,59.5,78.2666666666667,1364
"400 台中市",2018,46,66.9333333333333,41.7666666666667,31.1333333333333,42.9333333333333,2380
"400 台中市",2018,47,61.6833333333333,44.4833333333333,32.6833333333333,43.3333333333333,2641
"400 台中市",2018,48,70.5666666666667,54.9666666666667,30.3666666666667,53.35,1131
"400 台中市",2018,49,72.25,61.65,44.3166666666667,61.2166666666667,1758
"400 台中市",2018,50,53.3,44.1333333333333,31.5166666666667,43.5,4751
"400 台中市",2018,51,57.65,48.5833333333333,36.5666666666667,48.2833333333333,3647
"400 台中市",2018,52,57.1666666666667,43.9666666666667,28.5,44.15,3290
"400 台中市",2019,1,59.9,47.7571428571429,31.2857142857143,48.1142857142857,4508
"400 台中市",2019,2,53.7166666666667,40.65,27.15,40.6333333333333,5682
"400 台中市",2019,3,53.8,39.0666666666667,23.5833333333333,39.1166666666667,3466
"400 台中市",2019,4,102.016666666667,88.4,48.2,85.5,2154
"400 台中市",2019,5,139.633333333333,115.133333333333,65.65,109.55,4702
"400 台中市",2019,6,122.75,99.1,72.7,101.65,1582
"400 台中市",2019,7,52.6,38.75,23.9666666666667,38.75,4973
"400 台中市",2019,8,53.9,41.22,18.14,39.74,2635
"400 台中市",2019,9,83.4666666666667,65.4333333333333,35.25,59.45,922
"400 台中市",2019,10,89.05,58.8,31.25,59.7,1147
"400 台中市",2019,11,101.116666666667,78.2166666666667,33.3833333333333,70.1666666666667,1064
"400 台中市",2019,12,95.9666666666667,75.55,45.4333333333333,71.8333333333333,1427
"400 台中市",2019,13,79.75,68.25,47.6166666666667,64.7833333333333,1194
"400 台中市",2019,14,68.925,63.1,51.675,61.7,767
"400 台中市",2019,15,65.8,63.65,53.55,60.4333333333333,828
"400 台中市",2019,16,60.6,54.2,49.2,56.06,317
"400 台中市",2019,17,40,38.08,33,36.56,515
"400 台中市",2019,18,31.6666666666667,29.6666666666667,28.3333333333333,29.6666666666667,155
"400 台中市",2019,20,61,61,61,61,3
"400 台中市",2019,29,122,122,122,122,40
"400 台中市",2019,31,52,52,52,52,5
"400 台中市",2019,38,106,106,106,106,40
"400 台中市",2019,39,134.666666666667,134.666666666667,134.666666666667,134.666666666667,43
"400 台中市",2019,40,163,163,163,163,21
"400 台中市",2019,41,150,99.25,85.5,104.625,108
"400 台中市",2019,42,148.8,116.48,90.1,123.56,506
"400 台中市",2019,43,108.666666666667,80.45,41.5833333333333,76.9666666666667,507
"400 台中市",2019,44,95.2,75.75,64.05,76.9333333333333,706
"400 台中市",2019,45,72.5,56.8,41.8333333333333,55.5666666666667,1592
"400 台中市",2019,46,86.9,68.96,54.22,69.22,1551
"400 台中市",2019,47,89.2666666666667,66.2166666666667,42.15,67,2131
"400 台中市",2019,48,66.25,48.5,30.1833333333333,50.2166666666667,2903
"400 台中市",2019,49,70.5833333333333,54.8833333333333,35.9333333333333,55.5,3257
"400 台中市",2019,50,81.3,64.7833333333333,46.0166666666667,65.25,3275
"400 台中市",2019,51,66.6833333333333,51,36.5833333333333,51.95,4954
"400 台中市",2019,52,58.2,40.7666666666667,24.3833333333333,41.4666666666667,4153
"400 台中市",2020,1,55.44,40.16,24.3,40.48,4082
"400 台中市",2020,2,53.5166666666667,41.7333333333333,27.95,41.3166666666667,5516
"400 台中市",2020,3,83.2333333333333,65.15,40.4166666666667,64.75,4623
"400 台中市",2020,4,121.45,83.275,42.375,76.725,7905
"400 台中市",2020,5,57.9,40.6,26.6333333333333,40.9,3429
"400 台中市",2020,6,71.18,60.08,45.5,59.92,3638
"400 台中市",2020,7,63.7666666666667,49.95,35.8833333333333,50.7833333333333,5061
"400 台中市",2020,8,61.4833333333333,48.25,30.1833333333333,48.3333333333333,4470
"400 台中市",2020,9,64.0833333333333,46.75,30.2833333333333,48.1,4197
"400 台中市",2020,10,52.6666666666667,35.0333333333333,18.8666666666667,34.9333333333333,3924
"400 台中市",2020,11,54.6666666666667,40.4,23.4833333333333,39.1166666666667,3698
"400 台中市",2020,12,62.4666666666667,46.7666666666667,27.45,47.0166666666667,2467
"400 台中市",2020,13,62.4833333333333,46.9666666666667,26.8,46.7,1934
"400 台中市",2020,14,59.6,38.54,21.2,37.22,943
"400 台中市",2020,15,72.3,51.16,40.3,51.94,745
"400 台中市",2020,16,85.6,69.4,49.6,67.52,390
"400 台中市",2020,17,66.1666666666667,38.15,23.6666666666667,44.4333333333333,436
"400 台中市",2020,18,33,29.9166666666667,29.3333333333333,30.2333333333333,183
"400 台中市",2020,19,25.2,24.5,23.8,24.5,164
"400 台中市",2020,20,38.6666666666667,38.6666666666667,19.6666666666667,36.9333333333333,115
"400 台中市",2020,41,83,75.5,68,71.9,19
"400 台中市",2020,42,196,196,196,196,28
"400 台中市",2020,43,172.5,168.125,163.75,167.4,106
"400 台中市",2020,44,153.666666666667,135.5,104.166666666667,133.783333333333,357
"400 台中市",2020,45,113.9,98.52,76.7,97.58,516
"400 台中市",2020,46,112.8,87.8,57.5,90.96,749
"400 台中市",2020,47,110.066666666667,93.6,71.9833333333333,95.6166666666667,851
"400 台中市",2020,48,101.833333333333,68.05,37.1333333333333,65.4333333333333,1535
"400 台中市",2020,49,113.483333333333,75.6833333333333,30.4666666666667,61.8833333333333,1822
"400 台中市",2020,50,116.216666666667,82.2666666666667,32.9,72.15,1668
"400 台中市",2020,51,119.416666666667,100.883333333333,52.6,95.55,1970
"400 台中市",2020,52,90.2,73.6666666666667,50.7166666666667,73.6166666666667,2663
"400 台中市",2020,53,74.0666666666667,63.0666666666667,40.1333333333333,60.0333333333333,1655
"400 台中市",2021,1,101.133333333333,87.2166666666667,49.7,76.8333333333333,2474
"400 台中市",2021,2,117.74,103.26,67.18,90.66,1955
"400 台中市",2021,3,102.133333333333,83.05,56.0666666666667,79.0833333333333,2865
"400 台中市",2021,4,81.6833333333333,60.0333333333333,39.2,59.5666666666667,3110
"400 台中市",2021,5,96.44,63.42,39.66,66,9037
"400 台中市",2021,6,82.15,59.75,30.075,58.05,6104
"400 台中市",2021,7,45.55,24.05,10.875,27.075,8057
"400 台中市",2021,8,51.42,36.3,20.08,37.08,5601
"400 台中市",2021,9,38.7166666666667,25.2,14,26.2166666666667,9357
"400 台中市",2021,10,42.6666666666667,29.45,15.7666666666667,28.5666666666667,5373
"400 台中市",2021,11,44.8,30.3666666666667,16.95,31,4438
"400 台中市",2021,12,46.32,28.16,15.44,26.86,3148
"400 台中市",2021,13,56,41.6,26.02,41.56,2816
"400 台中市",2021,14,35.8833333333333,24.5833333333333,18.3833333333333,24.6333333333333,1905
"400 台中市",2021,15,66.6666666666667,60.5,50,57.8,108
"400 台中市",2021,16,70.25,57.875,45.5,59.825,142
"400 台中市",2021,17,108,43.5,41,43.15,84
"400 台中市",2021,18,40.3333333333333,34.3333333333333,31.6666666666667,34.8666666666667,244
"400 台中市",2021,19,91.4,91.3,91.2,91.3,168
"400 台中市",2021,21,57.6666666666667,39.1,30.3333333333333,40.1333333333333,314
"400 台中市",2021,22,82.2,63.8,46.6,65.74,226
"400 台中市",2021,23,55.75,44,39.25,48.525,316
"400 台中市",2021,24,35,33.25,31.5,32.75,54
"400 台中市",2021,25,69,69,69,69,80
"400 台中市",2021,26,88.2,84.8,77.4,80.26,788
"400 台中市",2021,27,79.9166666666667,68.05,67.5,73.3833333333333,608
"400 台中市",2021,28,57.375,45.675,41,45,737
"400 台中市",2021,29,104.333333333333,100.166666666667,88.1666666666667,99.2833333333333,901
"400 台中市",2021,30,103.833333333333,97.6666666666667,93.8333333333333,96.9,632
"400 台中市",2021,31,117.4,95.5,80.2,105.84,636
"400 台中市",2021,32,159.95,122.716666666667,109.833333333333,120,1004
"400 台中市",2021,33,83,83,67.625,76.55,400
"400 台中市",2021,34,22,20.8333333333333,19.8333333333333,20.1,496
"400 台中市",2021,35,73,51.325,50.5,65.575,2036
"400 台中市",2021,36,124,82.3,26,81.5,624
"400 台中市",2021,37,65.76,59.94,51.9,57.2,1864
"400 台中市",2021,38,57.5,57.5,57.5,57.5,304
"400 台中市",2021,39,61,57.3333333333333,37.6666666666667,58.3333333333333,598
"400 台中市",2021,40,68.5,58.375,49.25,52.9,768
"400 台中市",2021,41,70.75,38.75,24.375,54.7,1079
"400 台中市",2021,42,137.5,137.5,137.5,137.5,42
"400 台中市",2021,43,129.8,129.8,129.8,129.8,109
"400 台中市",2021,44,126.6,116.5,113.6,116.66,599
"400 台中市",2021,45,140.1,109.66,88.36,114.92,1021
"400 台中市",2021,46,139.366666666667,125.45,89.1333333333333,116.183333333333,1096
"400 台中市",2021,47,126.633333333333,96.15,49.3333333333333,95.6,866
"400 台中市",2021,48,131.866666666667,112.416666666667,73.0333333333333,113.8,779
"400 台中市",2021,49,140.86,117.12,60.74,111.2,994
"400 台中市",2021,50,98.8166666666667,81.2333333333333,49.9666666666667,81.0666666666667,3291
"400 台中市",2021,51,76,54.9,25.1833333333333,55.6666666666667,3616
"400 台中市",2021,52,65,53.95,35.55,54.125,2991
"400 台中市",2021,53,93.4333333333333,61.7666666666667,40.1666666666667,69.2333333333333,450
"400 台中市",2022,1,69,54.95,34.0833333333333,55.2166666666667,3837
"400 台中市",2022,2,71.18,57.66,36.36,56.06,4735
"400 台中市",2022,3,79.3833333333333,63.2166666666667,34.25,62.0166666666667,5965
"400 台中市",2022,4,93.2833333333333,71.45,39.2833333333333,70.2833333333333,10044
"400 台中市",2022,5,62.45,48,27.15,47.25,2717
"400 台中市",2022,6,57.52,41.5,20.64,40.6,6494
"400 台中市",2022,7,70.12,50.24,24.66,48.52,3634
"400 台中市",2022,8,97.65,60.3,16.8833333333333,49.4166666666667,1291
"400 台中市",2022,9,105.85,77.5,46.1833333333333,76.4333333333333,1542
"400 台中市",2022,10,84.36,60.12,37.4,59.3,2010
"400 台中市",2022,11,89.3666666666667,65.4833333333333,38.6,69.95,1700
"400 台中市",2022,12,85.3333333333333,57.4333333333333,31.9333333333333,59.3333333333333,2384
"400 台中市",2022,13,79.35,60.95,41.55,62.15,1404
"400 台中市",2022,14,88.5,64.62,39.1,64,679
"400 台中市",2022,15,92.25,74.05,52.25,69.875,333
"400 台中市",2022,16,80,68.9,61.8,66.7,232
"400 台中市",2022,17,37.5,28.25,19.75,27.05,298
"400 台中市",2022,18,48.875,43.375,32.625,39.9,226
"400 台中市",2022,20,10,5,5,6.4,37
"400 台中市",2022,41,50,50,50,50,4
"400 台中市",2022,42,119,119,119,119,27
"400 台中市",2022,43,211.5,159.283333333333,70.8333333333333,153.083333333333,226
"400 台中市",2022,44,168.95,116.416666666667,56.3833333333333,120.133333333333,930
"400 台中市",2022,45,99.8333333333333,66.5666666666667,35.25,74.4,844
"400 台中市",2022,46,73.76,49.02,25.5,47.76,1024
"400 台中市",2022,47,61.5166666666667,34.9666666666667,18.8333333333333,36.7333333333333,1838
"400 台中市",2022,48,86.8166666666667,52.9833333333333,32.2333333333333,56.8333333333333,946
"400 台中市",2022,49,118.416666666667,79.2833333333333,44.5666666666667,84.9833333333333,1061
"400 台中市",2022,50,163.7,114.76,47.9,122.14,1049
"400 台中市",2022,51,160.75,124.3,76.95,126.583333333333,652
"400 台中市",2022,52,171.228571428571,145.042857142857,104.3,148.842857142857,1756
"400 台中市",2023,1,150.25,126.133333333333,75.0333333333333,126.716666666667,2008
"400 台中市",2023,2,136.416666666667,106.366666666667,64.25,113.133333333333,3668
"400 台中市",2023,3,146.72,118.7,73.66,123.16,6412
"400 台中市",2023,4,84.7,58.7666666666667,34.3,61,3918
"400 台中市",2023,5,91.6333333333333,72.15,37.8833333333333,74.0666666666667,2947
"400 台中市",2023,6,90,70.86,37.66,71.46,2873
"400 台中市",2023,7,85.15,66.3833333333333,39.5,68.2166666666667,2681
"400 台中市",2023,8,102.066666666667,79.9166666666667,53.1166666666667,83.0166666666667,2582
"400 台中市",2023,9,93.9333333333333,77.5833333333333,50.4333333333333,76.35,3324
"400 台中市",2023,10,97.85,81.7166666666667,56.95,79.5,2245
"400 台中市",2023,11,89.36,71.66,44.52,69.06,2429
"400 台中市",2023,12,69.9333333333333,49.5333333333333,28.9666666666667,50.55,3011
"400 台中市",2023,13,98.4166666666667,48.3166666666667,26.8166666666667,55.05,2341
"400 台中市",2023,14,83.32,47.92,25.82,53.36,1786
"400 台中市",2023,15,112.033333333333,81.55,46.7,83.2666666666667,549
"400 台中市",2023,16,127.25,74.45,45.0833333333333,73.5,996
"400 台中市",2023,17,108.8,85,56.4,78.54,376
"400 台中市",2023,18,49.4,33,23.2,32.06,97
"400 台中市",2023,19,14.5,13.75,12.5,13.75,114
"400 台中市",2023,21,55,32.5,10,32.5,80
"400 台中市",2023,22,48,48,48,48,8
"400 台中市",2023,25,30,30,30,30,4
"400 台中市",2023,28,5,4.5,4,4.1,200
"400 台中市",2023,30,109,87,65,92.3,284
"400 台中市",2023,34,100,90,80,98.2,44
"400 台中市",2023,37,93,89.35,87.5,87.75,260
"400 台中市",2023,41,196,196,196,196,27
"400 台中市",2023,42,144,140.25,136.5,142.35,56
"400 台中市",2023,44,128.4,121.8,111.8,123.1,97
"400 台中市",2023,45,118.166666666667,88.2166666666667,48.0833333333333,86.4166666666667,658
"400 台中市",2023,46,117.3,80.14,41.7,81.32,426
"400 台中市",2023,47,164.333333333333,135.05,81.3333333333333,137.3,442
"400 台中市",2023,48,151.716666666667,116.816666666667,48.7333333333333,122.866666666667,1030
"400 台中市",2023,49,125.06,100.28,48.86,94.64,1857
"400 台中市",2023,50,94.7166666666667,70.7,42.2166666666667,72.2333333333333,2863
"400 台中市",2023,51,73.4333333333333,52.6833333333333,27.1166666666667,55.15,3374
"400 台中市",2023,52,99.8714285714286,79.1285714285714,48.2714285714286,80.2142857142857,2942
"400 台中市",2024,1,82.6571428571429,65.6571428571429,40.1857142857143,66.5714285714286,4144
"400 台中市",2024,2,75.35,57.5833333333333,33.0666666666667,58.5833333333333,3370
"400 台中市",2024,3,68.7833333333333,51.2666666666667,29.5166666666667,52.1166666666667,4889
"400 台中市",2024,4,66.8166666666667,51.0666666666667,33.8333333333333,52.2833333333333,6398
"400 台中市",2024,5,84.76,59.3,34.44,63.88,7687
"400 台中市",2024,6,84.98,51,29.72,55.18,9150
"400 台中市",2024,7,54.4,33.5666666666667,17.8,34,5315
"400 台中市",2024,8,50.84,26.34,14.08,29.9,6429
"400 台中市",2024,9,59.6166666666667,34.75,18.5166666666667,35.3833333333333,5445
"400 台中市",2024,10,69.2333333333333,43.4333333333333,29.3833333333333,45.9,4317
"400 台中市",2024,11,87.7666666666667,58.05,39.1166666666667,60.8333333333333,2517
"400 台中市",2024,12,90.74,65.32,36.54,67.26,2987
"400 台中市",2024,13,74.3333333333333,42.65,21.4666666666667,51.1666666666667,2710
"400 台中市",2024,14,77.125,46.2,23.225,52.525,2560
"400 台中市",2024,15,71.4166666666667,46.7833333333333,28.05,50.6666666666667,1914
"400 台中市",2024,16,96.8333333333333,81.1833333333333,57.5,84.2833333333333,599
"400 台中市",2024,17,77.75,68.75,61.5,72.6166666666667,491
"400 台中市",2024,18,77.6666666666667,59.5,30,57.5333333333333,96
"400 台中市",2024,19,111.75,93.875,70.75,96.475,129
"400 台中市",2024,20,97,97,97,97,58
"400 台中市",2024,21,60.25,52.5,44.75,53,70
"400 台中市",2024,22,82.6666666666667,46.1666666666667,37,66.1666666666667,253
"400 台中市",2024,23,81.3333333333333,78,74.6666666666667,76.3333333333333,180
"400 台中市",2024,41,200,200,200,200,15
"400 台中市",2024,42,199.25,181.625,168.5,183.3,180
"400 台中市",2024,43,150,140.84,118.6,137.82,217
"400 台中市",2024,44,146.5,129.52,112,129.76,284
"400 台中市",2024,45,132.166666666667,96.6333333333333,57.0833333333333,101.433333333333,416
"400 台中市",2024,46,134.583333333333,105.666666666667,69.5833333333333,110.5,467
"400 台中市",2024,47,160.26,141.66,107,141.42,443
"400 台中市",2024,48,172.75,148.466666666667,72.4166666666667,147.216666666667,562
"400 台中市",2024,49,220.55,151.216666666667,80.5333333333333,163.2,604
"400 台中市",2024,50,202.033333333333,159.033333333333,114.966666666667,168.716666666667,649
"400 台中市",2024,51,222.966666666667,186.716666666667,141.633333333333,198.05,656
"400 台中市",2024,52,167.8,142.88,104.1,142.74,1555
"400 台中市",2025,1,124.38,105.56,68.94,100.98,1359
"400 台中市",2025,2,128.566666666667,102.566666666667,64.55,100.916666666667,1963
"400 台中市",2025,3,127.34,108.34,68.46,106.06,2848
"400 台中市",2025,4,159.916666666667,137.283333333333,90.4666666666667,134.783333333333,4611
"400 台中市",2025,5,100.55,72.9,47.85,73.7,2583
"400 台中市",2025,6,53.7333333333333,39.6166666666667,25.2166666666667,39.8333333333333,6434
"400 台中市",2025,7,75.575,58,34.275,58.625,3812
"400 台中市",2025,8,54.1333333333333,40.5666666666667,26.2666666666667,40.3166666666667,7100
"400 台中市",2025,9,60.6666666666667,46.2666666666667,33.2833333333333,46.5833333333333,4754
"400 台中市",2025,10,56.22,35.6,16.54,37.18,5945
"400 台中市",2025,11,78.2,45.7666666666667,23.2666666666667,48.7666666666667,3667
"400 台中市",2025,12,94.4666666666667,63.45,23.5166666666667,62.6166666666667,2307
"400 台中市",2025,13,114.5,72.5666666666667,37.6166666666667,75.3666666666667,2070
"400 台中市",2025,14,118.925,72.4,20.575,72.775,1359
"400 台中市",2025,15,106.78,69.06,40.78,70.52,1138
"400 台中市",2025,16,114.833333333333,84.75,55.1666666666667,85.4,475
"400 台中市",2025,17,78.625,73.625,52.125,67.6,249
"400 台中市",2025,18,100,70,21,66.4,77
"420 豐原區",2016,2,35,35,35,35,300
"420 豐原區",2016,4,98,98,98,98,200
"420 豐原區",2016,5,70,70,60.3,68.065,700
"420 豐原區",2016,6,97,97,97,97,100
"420 豐原區",2016,7,28,28,28,28,400
"420 豐原區",2016,9,45,45,45,45,480
"420 豐原區",2016,10,51.5666666666667,48.6666666666667,48.6666666666667,49.2433333333333,1670
"420 豐原區",2016,12,70,70,70,70,180
"420 豐原區",2016,14,160,160,160,160,100
"420 豐原區",2016,16,53.5,37.9,30,39.46,740
"420 豐原區",2016,17,82.5,78.3,74.5,78.36,2380
"420 豐原區",2016,51,75,61.55,50,61.945,1100
"420 豐原區",2016,52,50,44.4,25,41.67,300
"420 豐原區",2017,2,45,28.3,20,30,100
"420 豐原區",2017,3,95,67.1666666666667,39.3333333333333,67.1666666666667,1800
"420 豐原區",2017,4,93.3333333333333,67.4,41,67.3,5200
"420 豐原區",2017,5,52.3333333333333,42.7333333333333,28,41.6933333333333,1436
"420 豐原區",2017,6,42.5,36.25,30,36.25,840
"420 豐原區",2017,7,50,38.6666666666667,25,38.2,3000
"420 豐原區",2017,8,45,36.9,25,36.11,900
"420 豐原區",2017,9,58,44,30,44,400
"420 豐原區",2017,10,59.3,43.725,24.25,42.9375,4300
"420 豐原區",2017,11,56,45.8,34,45.5,1600
"420 豐原區",2017,12,61.4,44.68,26.2,44.334,4800
"420 豐原區",2017,13,62.5,47.8333333333333,33.1666666666667,47.8333333333333,5800
"420 豐原區",2017,15,75,64.4,50,63.64,1100
"420 豐原區",2017,16,71.25,52.525,33.75,52.52,4440
"420 豐原區",2017,17,85,52.5,20,52.5,160
"420 豐原區",2017,22,100,100,100,100,4
"420 豐原區",2017,46,140,140,140,140,100
"420 豐原區",2017,47,113.333333333333,113.333333333333,105,111.666666666667,900
"420 豐原區",2017,48,110,110,110,110,700
"420 豐原區",2017,50,120,118.3,100,115,800
"420 豐原區",2017,51,113.333333333333,110.433333333333,103.333333333333,109.583333333333,1000
"420 豐原區",2017,52,80,77.4,72,76.835,1300
"420 豐原區",2018,1,57.5,55,52.5,55,860
"420 豐原區",2018,2,50,47.5,45,47.5,900
"420 豐原區",2018,3,73.3333333333333,65,56.6666666666667,65,1440
"420 豐原區",2018,4,53.3333333333333,47.7666666666667,40,47.3333333333333,1650
"420 豐原區",2018,5,75,74.4,72.5,74.145,2040
"420 豐原區",2018,6,110,105,100,105,900
"420 豐原區",2018,7,130,119.6,100,117.77,1140
"420 豐原區",2018,8,48.3333333333333,44.1666666666667,40,44.1666666666667,1200
"420 豐原區",2018,9,60,48.2,35,47.9166666666667,2220
"420 豐原區",2018,10,47,42.66,38,42.594,3100
"420 豐原區",2018,11,50,46.66,45,47,2430
"420 豐原區",2018,12,47.82,40.96,37.4,41.628,3915
"420 豐原區",2018,13,55,50.625,46.25,50.625,1900
"420 豐原區",2018,14,35,35,35,35,750
"420 豐原區",2018,15,27.5,27.5,27.5,27.5,500
"420 豐原區",2018,16,53.3333333333333,53.3333333333333,53.3333333333333,53.3333333333333,600
"420 豐原區",2018,17,46.6666666666667,43.7,39.3333333333333,43.4166666666667,2200
"420 豐原區",2018,18,50,50,50,50,200
"420 豐原區",2018,46,70,50,30,50,300
"420 豐原區",2019,1,53,41.5,30,41.5,400
"420 豐原區",2019,2,50.7166666666667,39.5,23.1666666666667,38.455,5900
"420 豐原區",2019,3,50,30.74,21.8,32.798,3400
"420 豐原區",2019,4,80.6666666666667,61.5833333333333,42.5,61.5833333333333,2900
"420 豐原區",2019,5,118.6,84.02,53.46,84.814,4000
"420 豐原區",2019,6,140,115.85,87.2,114.955,1260
"420 豐原區",2019,7,49.4,36,21.2,35.718,4350
"420 豐原區",2019,8,48.92,34.64,19.38,34.44,6400
"420 豐原區",2019,9,58.54,42.74,24.6,42.266,3170
"420 豐原區",2019,10,80,58.85,36.5,58.605,900
"420 豐原區",2019,11,87.5,64.85,40,64.415,850
"420 豐原區",2019,12,85,60,35,60,160
"420 豐原區",2019,13,77.5,62.75,48,62.75,800
"420 豐原區",2019,14,65,50,35,50,300
"420 豐原區",2019,15,55,39,23,39,400
"420 豐原區",2019,17,55,50,45,50,200
"420 豐原區",2019,47,81.6666666666667,61.6666666666667,51.6666666666667,63.6666666666667,1060
"420 豐原區",2019,48,71,46.9,40,50.33,360
"420 豐原區",2019,51,65,45,35,47,500
"420 豐原區",2019,52,25,25,25,25,55
"420 豐原區",2020,1,41.6666666666667,27.0333333333333,20,28.5666666666667,1275
"420 豐原區",2020,2,56.6666666666667,38.5,28.3333333333333,40.11,1900
"420 豐原區",2020,3,70,44.9166666666667,30.8333333333333,47.1233333333333,3220
"420 豐原區",2020,4,50,50,50,50,30
"420 豐原區",2020,6,57.5,48.2,42.5,48.93,715
"420 豐原區",2020,8,61.25,40.45,28.75,42.285,2409
"420 豐原區",2020,10,50,40.84,33.8,41.266,1380
"420 豐原區",2020,11,54,30.8666666666667,18.3333333333333,32.98,1700
"420 豐原區",2020,12,70.5,61.2,55.5,61.93,720
"420 豐原區",2020,13,25,25,25,25,20
"420 豐原區",2020,14,42.5,27.6,12.5,27.57,750
"420 豐原區",2020,15,73.3333333333333,55.6,45,57.0233333333333,1860
"420 豐原區",2020,16,60,40,30,42,500
"420 豐原區",2020,17,73.3333333333333,45.1666666666667,29,47.57,1900
"420 豐原區",2020,20,80,80,80,80,40
"420 豐原區",2020,45,120,86.7,70,90,500
"420 豐原區",2020,49,115,56.8,25,62.06,340
"420 豐原區",2020,50,118.333333333333,71.3,33.3333333333333,73.1066666666667,1320
"420 豐原區",2020,51,95,76.65,67.5,78.5,1140
"420 豐原區",2020,52,95,60.7666666666667,38.3333333333333,63.1233333333333,1290
"420 豐原區",2020,53,74,64.85,59,65.52,760
"420 豐原區",2021,1,98,60.7,35,63,360
"420 豐原區",2021,2,107.5,82.5,70,85,600
"420 豐原區",2021,3,80,48.9,40,53.33,300
"420 豐原區",2021,4,76,51.4,32.5,52.535,880
"420 豐原區",2021,5,74.5,54.35,38,55.11,1975
"420 豐原區",2021,7,41.0333333333333,38.0666666666667,33.3333333333333,37.7066666666667,4040
"420 豐原區",2021,8,47.5,37.3333333333333,24.1666666666667,36.7366666666667,4900
"420 豐原區",2021,9,31.25,27.075,25,27.5,1043
"420 豐原區",2021,10,36.6,25.22,16,25.66,2464
"420 豐原區",2021,11,43.3333333333333,27.2333333333333,16,28.2066666666667,2060
"420 豐原區",2021,12,35,23.75,12.5,23.75,1400
"420 豐原區",2021,13,53.3333333333333,48.3333333333333,43.1666666666667,48.3,1510
"420 豐原區",2021,14,30,27.5,25,27.5,600
"420 豐原區",2021,15,80,59.75,42.5,60.355,1100
"420 豐原區",2021,16,50,46.7,35,45,300
"420 豐原區",2021,18,90,90,90,90,6
"420 豐原區",2021,30,60,60,60,60,12
"420 豐原區",2021,32,95,95,95,95,16
"420 豐原區",2021,33,120,92.5,65,92.5,400
"420 豐原區",2021,37,80,80,80,80,20
"420 豐原區",2021,43,130,130,130,130,20
"420 豐原區",2021,46,130,130,130,130,14
"420 豐原區",2021,49,135,100,65,100,400
"420 豐原區",2021,50,71.6666666666667,71.6666666666667,71.6666666666667,71.6666666666667,30
"420 豐原區",2021,51,50,50,50,50,20
"420 豐原區",2021,52,67.5,55.6,50,56.865,560
"420 豐原區",2022,1,47.5,47.5,47.5,47.5,16
"420 豐原區",2022,2,68.3333333333333,63.1333333333333,61,63.75,480
"420 豐原區",2022,3,97.5,97.5,97.5,97.5,58
"420 豐原區",2022,4,64.3,30,30,36.86,700
"420 豐原區",2022,6,45.6,40,40,41.13,320
"420 豐原區",2022,7,61.25,55.5,43.75,54.305,1500
"420 豐原區",2022,8,90,81.75,52.75,77.6025,1100
"420 豐原區",2022,9,80,70,60,70,200
"420 豐原區",2022,10,47.5,47.5,47.5,47.5,210
"420 豐原區",2022,12,100.5,100.5,100.5,100.5,25
"420 豐原區",2022,13,69.6,60,60,61.93,211
"420 豐原區",2022,14,55,55,55,55,380
"420 豐原區",2022,15,90,90,90,90,80
"420 豐原區",2022,16,45,45,45,45,80
"420 豐原區",2022,25,60,60,60,60,40
"420 豐原區",2022,28,35,35,16,31.2,60
"420 豐原區",2022,29,30,20,10,20,120
"420 豐原區",2022,43,255,255,255,255,12
"420 豐原區",2022,44,105,105,105,105,20
"420 豐原區",2022,46,42.5,42.5,41.6,42.325,270
"420 豐原區",2022,47,39.675,29.925,27.5,31.375,754
"420 豐原區",2022,51,184.5,184.5,184.5,184.5,28
"420 豐原區",2023,1,175,175,175,175,43
"420 豐原區",2023,2,136,136,136,136,59
"420 豐原區",2023,3,156.15,131.75,105,131.3,203
"420 豐原區",2023,4,71.6666666666667,64.8333333333333,46.2,62.4666666666667,1078
"420 豐原區",2023,5,75.7,60.7,35,58.6,1204
"420 豐原區",2023,6,76.225,66.525,53.075,65.8,412
"420 豐原區",2023,7,91,86.5666666666667,63,82.7666666666667,1212
"420 豐原區",2023,8,56,45.85,35,45.7,269
"420 豐原區",2023,9,93.75,74.4,53.35,74.05,780
"420 豐原區",2023,10,97.3333333333333,79.8333333333333,59.6666666666667,79.3,855
"420 豐原區",2023,11,94,71.25,45.75,70.7,1310
"420 豐原區",2023,12,65.24,56.4,36.08,54.12,2445
"420 豐原區",2023,13,86.8333333333333,67.5833333333333,41.0333333333333,66.1333333333333,1880
"420 豐原區",2023,14,77.96,54.92,30.6,54.66,1757
"420 豐原區",2023,15,120,120,120,120,10
"420 豐原區",2023,16,95.5,73.4,40.4,71.2,320
"420 豐原區",2023,17,130,127.4,80,118.5,65
"420 豐原區",2023,32,135.5,129.8,120.5,129.1,66
"420 豐原區",2023,33,152,138.2,120,137.3,90
"420 豐原區",2023,41,230,230,230,230,15
"420 豐原區",2023,44,180,180,180,180,14
"420 豐原區",2023,45,115,99.7,58.05,94.4,170
"420 豐原區",2023,46,101,78.4,38,74.8,110
"420 豐原區",2023,47,185,185,185,185,16
"420 豐原區",2023,48,158.8,142.75,81.75,133.75,376
"420 豐原區",2023,49,133,117.95,62.5,109.9,364
"420 豐原區",2023,50,97,86.0333333333333,53.55,81.75,1541
"420 豐原區",2023,51,75.8333333333333,72.1,62,70.8333333333333,280
"420 豐原區",2023,52,88.2,76.8,44.68,72.64,2396
"420 豐原區",2024,1,75.1833333333333,66.5333333333333,48.8166666666667,64.7,2437
"420 豐原區",2024,2,67,61.6166666666667,47.75,59.9166666666667,2298
"420 豐原區",2024,3,70.6666666666667,56.8333333333333,35.5,55.3166666666667,3508
"420 豐原區",2024,4,68.7333333333333,54.7166666666667,33.9166666666667,53.35,4812
"420 豐原區",2024,5,83.1666666666667,63.3666666666667,33.9,61.45,3760
"420 豐原區",2024,6,87.84,69.36,34.64,66.14,4198
"420 豐原區",2024,7,80.375,49.6,19.375,49.725,2917
"420 豐原區",2024,8,51.05,37.15,16.5666666666667,35.8333333333333,4650
"420 豐原區",2024,9,59.3333333333333,42.15,18.95,40.9333333333333,5060
"420 豐原區",2024,10,68.6666666666667,49.3833333333333,29.45,49.2666666666667,3840
"420 豐原區",2024,11,80.6666666666667,62.9333333333333,35.6333333333333,61.0166666666667,2720
"420 豐原區",2024,12,94,74.7333333333333,42.1333333333333,72.0666666666667,1190
"420 豐原區",2024,13,84.8333333333333,66.6833333333333,37.4,64.45,1900
"420 豐原區",2024,14,72,48.62,21.62,47.9,2675
"420 豐原區",2024,15,77.25,62.9166666666667,36.25,60.45,1830
"420 豐原區",2024,16,71.5,57.475,34.25,55.65,610
"420 豐原區",2024,17,88.75,79,51.35,75.45,950
"420 豐原區",2024,19,150,110.3,65,109.2,270
"420 豐原區",2024,28,120,120,120,120,20
"420 豐原區",2024,32,100,100,100,100,80
"420 豐原區",2024,43,200,200,200,200,12
"420 豐原區",2024,46,103.333333333333,103.333333333333,103.333333333333,103.333333333333,184
"420 豐原區",2024,52,110,110,110,110,20
"420 豐原區",2025,1,100,100,100,100,20
"420 豐原區",2025,2,105.25,100.95,86.425,98.9,352
"420 豐原區",2025,3,121.5,105.225,77.3,102.9,1354
"420 豐原區",2025,4,135,121.45,87.75,117.425,650
"420 豐原區",2025,5,120,74.5,51.2,78.9,340
"420 豐原區",2025,6,54.9166666666667,41.4833333333333,27.55,41.3833333333333,3270
"420 豐原區",2025,7,67.8,53.38,36.76,52.94,2663
"420 豐原區",2025,8,57.5666666666667,42.1833333333333,27.5166666666667,42.35,4610
"420 豐原區",2025,9,57.5,44.3833333333333,32.0833333333333,44.55,4357
"420 豐原區",2025,10,55.0833333333333,37.65,21.6666666666667,37.95,3248
"420 豐原區",2025,11,73.12,47.68,20.2,47.28,1962
"420 豐原區",2025,12,77.9666666666667,45.7166666666667,13.5,45.7166666666667,1902
"420 豐原區",2025,13,113.82,84.9,51.3,83.98,1184
"420 豐原區",2025,14,108.6,66.9,19.8,65.84,1360
"420 豐原區",2025,15,108.9,75.4333333333333,37.6666666666667,74.5833333333333,1640
"420 豐原區",2025,16,108.633333333333,69.9833333333333,34.65,70.6333333333333,1028
"420 豐原區",2025,17,81,65.45,41.5,63.75,150
"514 溪湖鎮",2015,1,90,79.5,69.5,79,6276
"514 溪湖鎮",2015,2,74.2857142857143,61.2857142857143,49,61.2857142857143,16524
"514 溪湖鎮",2015,3,57.8571428571429,47.1428571428571,39.4285714285714,47.1428571428571,17961
"514 溪湖鎮",2015,4,50,40.8571428571429,34.2857142857143,40.7142857142857,20535
"514 溪湖鎮",2015,5,48.1428571428571,37.8571428571429,31,37.7142857142857,24024
"514 溪湖鎮",2015,6,48.5714285714286,38.5714285714286,30.4285714285714,38.4285714285714,31743
"514 溪湖鎮",2015,7,81.4285714285714,66.5714285714286,48.5714285714286,66.2857142857143,28646
"514 溪湖鎮",2015,8,60.8333333333333,48.6666666666667,38.1666666666667,48.6666666666667,25165
"514 溪湖鎮",2015,9,41.4285714285714,31.4285714285714,24.4285714285714,31.5,28593
"514 溪湖鎮",2015,10,45.7142857142857,32.4285714285714,24.4285714285714,32.4285714285714,19481
"514 溪湖鎮",2015,11,55.7142857142857,40,29.8571428571429,40,14302
"514 溪湖鎮",2015,12,59.2857142857143,46.5714285714286,36.8571428571429,46.5714285714286,13906
"514 溪湖鎮",2015,13,60.7142857142857,46.7142857142857,36.4285714285714,46.7142857142857,8790
"514 溪湖鎮",2015,14,79.2857142857143,58.2857142857143,40.7142857142857,58.2857142857143,5457
"514 溪湖鎮",2015,15,83.3333333333333,60.6666666666667,45,60.1666666666667,2687
"514 溪湖鎮",2015,16,85.7142857142857,67.4285714285714,54.2857142857143,66.7142857142857,1953
"514 溪湖鎮",2015,17,90.7142857142857,74,59.2857142857143,74,1185
"514 溪湖鎮",2015,18,100,70,50,70,216
"514 溪湖鎮",2015,44,175,167.5,165,167.5,37
"514 溪湖鎮",2015,45,149.25,133.25,110,132,121
"514 溪湖鎮",2015,46,129.2,116.8,104.2,116.8,337
"514 溪湖鎮",2015,47,97.25,87.5,74.3333333333333,87,430
"514 溪湖鎮",2015,48,96.4,86.0285714285714,66.4285714285714,83.6185714285714,1073
"514 溪湖鎮",2015,49,100.428571428571,90.6857142857143,69.3,88.3,2171
"514 溪湖鎮",2015,50,104,96.8571428571429,82.8571428571429,95.6142857142857,4114
"514 溪湖鎮",2015,51,95.9571428571429,88.0714285714286,78.2857142857143,87.5242857142857,6728
"514 溪湖鎮",2015,52,72.3857142857143,62.5285714285714,53.4285714285714,62.5428571428571,9130
"514 溪湖鎮",2015,53,58.75,52,44.75,51.95,5023
"514 溪湖鎮",2016,1,54.8428571428571,46.3857142857143,40,46.4428571428571,12864
"514 溪湖鎮",2016,2,66,55.0142857142857,45.7142857142857,55.1,11789
"514 溪湖鎮",2016,3,94.6857142857143,80.2285714285714,66.8571428571429,80.2142857142857,14561
"514 溪湖鎮",2016,4,142.571428571429,119.714285714286,100.285714285714,119.857142857143,12674
"514 溪湖鎮",2016,5,200.857142857143,167.428571428571,135,167.085714285714,16736
"514 溪湖鎮",2016,6,143.666666666667,114.233333333333,93.7833333333333,116.166666666667,10949
"514 溪湖鎮",2016,7,101.714285714286,83.2,69.9714285714286,83.5142857142857,19366
"514 溪湖鎮",2016,8,101,84.5142857142857,71.6142857142857,85.0571428571429,13317
"514 溪湖鎮",2016,9,97.8142857142857,81.5714285714286,68.3714285714286,81.5428571428571,13998
"514 溪湖鎮",2016,10,87.0857142857143,70.9857142857143,59.0714285714286,71.4571428571429,11573
"514 溪湖鎮",2016,11,118.571428571429,91.6857142857143,73.2428571428571,92.9428571428571,5536
"514 溪湖鎮",2016,12,129.142857142857,103.857142857143,79.8142857142857,103.228571428571,4329
"514 溪湖鎮",2016,13,171.428571428571,145.714285714286,117.285714285714,145,2408
"514 溪湖鎮",2016,14,137.142857142857,111.714285714286,86.8285714285714,111.6,2619
"514 溪湖鎮",2016,15,101.857142857143,84.7285714285714,68.3,84.8714285714286,1144
"514 溪湖鎮",2016,16,82.6666666666667,78,73,77.8,183
"514 溪湖鎮",2016,17,80,71.7,60,71,20
"514 溪湖鎮",2016,45,170,170,170,170,12
"514 溪湖鎮",2016,46,181.166666666667,176,169.5,176,185
"514 溪湖鎮",2016,47,149.142857142857,138,117.285714285714,135.985714285714,1448
"514 溪湖鎮",2016,48,139.714285714286,125.142857142857,108.571428571429,124.842857142857,2211
"514 溪湖鎮",2016,49,117.714285714286,106.857142857143,94.1,106.885714285714,5034
"514 溪湖鎮",2016,50,100.214285714286,87.7571428571429,76.5714285714286,88.1571428571429,7350
"514 溪湖鎮",2016,51,71.0142857142857,61.9142857142857,54.5142857142857,62.2857142857143,9780
"514 溪湖鎮",2016,52,59.8666666666667,51.7166666666667,44.4333333333333,51.8333333333333,8875
"514 溪湖鎮",2016,53,60.3333333333333,54.5333333333333,50,54.6333333333333,3554
"514 溪湖鎮",2017,1,57.5857142857143,50.2,43.2428571428571,50.2857142857143,16046
"514 溪湖鎮",2017,2,54.3571428571429,47.1857142857143,39.9857142857143,47.6142857142857,17888
"514 溪湖鎮",2017,3,89.5714285714286,76.2285714285714,60.7571428571429,75.9,22518
"514 溪湖鎮",2017,4,92.6666666666667,78.0666666666667,61.8333333333333,77.8333333333333,20638
"514 溪湖鎮",2017,5,48.5714285714286,41.8,34.8714285714286,41.7857142857143,22024
"514 溪湖鎮",2017,6,50.9,42.2,34.7571428571429,42.2571428571429,17367
"514 溪湖鎮",2017,7,57.2857142857143,47.6142857142857,39.2285714285714,47.8428571428571,13174
"514 溪湖鎮",2017,8,56.7857142857143,46.9857142857143,38.6571428571429,47.1714285714286,15785
"514 溪湖鎮",2017,9,67.6,56.3714285714286,46.5857142857143,56.5428571428571,8844
"514 溪湖鎮",2017,10,73.6666666666667,61.2833333333333,50.1666666666667,61.4833333333333,6386
"514 溪湖鎮",2017,11,74.5714285714286,63.0428571428571,52.6571428571429,63.1571428571429,6311
"514 溪湖鎮",2017,12,74.2857142857143,62.6857142857143,51.6571428571429,62.7285714285714,6402
"514 溪湖鎮",2017,13,83.4285714285714,69.3857142857143,57.2857142857143,69.5857142857143,3359
"514 溪湖鎮",2017,14,99.4285714285714,81.6428571428571,72.7714285714286,83.4714285714286,2488
"514 溪湖鎮",2017,15,79.1428571428571,67.5714285714286,55.4571428571429,67.0714285714286,3129
"514 溪湖鎮",2017,16,76.6,69.52,65.12,70,861
"514 溪湖鎮",2017,17,66,65.2,64,65.2,187
"514 溪湖鎮",2017,45,175,175,175,175,32
"514 溪湖鎮",2017,46,191.666666666667,175,163.666666666667,175.1,190
"514 溪湖鎮",2017,47,154.857142857143,142.142857142857,124.142857142857,141.428571428571,1145
"514 溪湖鎮",2017,48,132.285714285714,124.714285714286,111,123.342857142857,1692
"514 溪湖鎮",2017,49,123.857142857143,108.571428571429,93.8571428571429,108.642857142857,2074
"514 溪湖鎮",2017,50,123,110,97.5857142857143,110.014285714286,2783
"514 溪湖鎮",2017,51,122.571428571429,110.714285714286,97.6142857142857,110.471428571429,4054
"514 溪湖鎮",2017,52,83.9125,73.1625,63.65,73.45,8789
"514 溪湖鎮",2018,1,61.325,52.7125,45.5125,53.0125,12783
"514 溪湖鎮",2018,2,67.4285714285714,56.3571428571429,46.9,56.5285714285714,9815
"514 溪湖鎮",2018,3,71.7428571428571,61.6571428571429,52.1,61.6714285714286,14821
"514 溪湖鎮",2018,4,64.5714285714286,55.7714285714286,48.6714285714286,56,18886
"514 溪湖鎮",2018,5,87,74.8571428571429,62.2,73.2142857142857,14586
"514 溪湖鎮",2018,6,142.742857142857,124.657142857143,101.628571428571,124.057142857143,12511
"514 溪湖鎮",2018,7,128.466666666667,106.333333333333,85.3333333333333,106.566666666667,15890
"514 溪湖鎮",2018,8,60.4571428571429,49.8571428571429,40.8571428571429,50.2428571428571,31754
"514 溪湖鎮",2018,9,53.4714285714286,44.2571428571429,36.8571428571429,44.5571428571429,26987
"514 溪湖鎮",2018,10,49.7571428571429,39.7571428571429,31.1428571428571,39.9285714285714,21586
"514 溪湖鎮",2018,11,63.2714285714286,51.0571428571429,36.5,50.4428571428571,10292
"514 溪湖鎮",2018,12,64.4428571428572,54.7571428571429,42.7142857142857,54.3,6251
"514 溪湖鎮",2018,13,79.9,63.2142857142857,48.9428571428571,63.6285714285714,4870
"514 溪湖鎮",2018,14,69.9,57.3142857142857,46.5571428571429,57.6714285714286,3149
"514 溪湖鎮",2018,15,68.3428571428571,50.5428571428571,42.7714285714286,52.1,1717
"514 溪湖鎮",2018,16,77.2285714285714,60.1857142857143,44.4857142857143,60.3428571428571,702
"514 溪湖鎮",2018,17,77.55,63.55,56.5,64.05,317
"514 溪湖鎮",2018,18,76.6666666666667,67.6666666666667,60,67.7333333333333,116
"514 溪湖鎮",2018,19,60,44,40,44,49
"514 溪湖鎮",2018,43,160,155.666666666667,153.333333333333,155.733333333333,79
"514 溪湖鎮",2018,44,154.06,148.62,142.64,148.68,231
"514 溪湖鎮",2018,45,120.185714285714,96.1,97.9714285714286,108.728571428571,736
"514 溪湖鎮",2018,46,85.6333333333333,74.5333333333333,62.7,74.4166666666667,1411
"514 溪湖鎮",2018,47,81.8571428571429,75.3,61.4142857142857,73.9857142857143,2950
"514 溪湖鎮",2018,48,76.6,67.0142857142857,57.5571428571429,67,3292
"514 溪湖鎮",2018,49,74.6,68.1142857142857,60.0857142857143,67.8,3923
"514 溪湖鎮",2018,50,69.4428571428571,61.6571428571429,51.2428571428571,61.1971428571429,5674
"514 溪湖鎮",2018,51,66.0571428571428,58.2714285714286,49.9,58.1285714285714,7597
"514 溪湖鎮",2018,52,62.5,53.9428571428571,46.5714285714286,54.1714285714286,8257
"514 溪湖鎮",2019,1,62.2625,54.2375,47.9125,54.5,11990
"514 溪湖鎮",2019,2,60.6142857142857,52.8714285714286,46.5714285714286,53.1428571428571,14500
"514 溪湖鎮",2019,3,73.3,62.8714285714286,52.3857142857143,62.8428571428571,13059
"514 溪湖鎮",2019,4,107.728571428571,92.4857142857143,67.2857142857143,90.5714285714286,13103
"514 溪湖鎮",2019,5,148.614285714286,123.2,86.4,121.1,14464
"514 溪湖鎮",2019,6,97.6666666666667,73.5833333333333,52.75,74.9166666666667,16162
"514 溪湖鎮",2019,7,64.6571428571429,54.3857142857143,45.9428571428571,54.7571428571429,20493
"514 溪湖鎮",2019,8,61.0142857142857,50.4714285714286,41.2,50.8571428571429,14532
"514 溪湖鎮",2019,9,85.4571428571429,67.7,53.1,67.9142857142857,7577
"514 溪湖鎮",2019,10,90.4857142857143,76.6,56.3714285714286,75.3142857142857,4092
"514 溪湖鎮",2019,11,103.214285714286,91.4,74.3285714285714,90.3,2061
"514 溪湖鎮",2019,12,117.228571428571,99.8428571428571,82.3428571428571,100.057142857143,1830
"514 溪湖鎮",2019,13,118.428571428571,95.4285714285714,75.7,96.1714285714286,1646
"514 溪湖鎮",2019,14,130.785714285714,96.4857142857143,74.8142857142857,98.1571428571429,1297
"514 溪湖鎮",2019,15,113.285714285714,90,74.2142857142857,91.1714285714286,1004
"514 溪湖鎮",2019,16,93,84.7,71.5,83.85,318
"514 溪湖鎮",2019,17,109.46,87.34,79.98,90.3,170
"514 溪湖鎮",2019,18,120,104,80,102.4,41
"514 溪湖鎮",2019,43,130,127,112,126.4,80
"514 溪湖鎮",2019,44,139,123.5,120,125.1,140
"514 溪湖鎮",2019,45,109.571428571429,100.714285714286,92.2285714285714,100.614285714286,1194
"514 溪湖鎮",2019,46,94.2,83.5714285714286,68.0571428571428,82.9714285714286,2830
"514 溪湖鎮",2019,47,91.5714285714286,83.7142857142857,72.7714285714286,82.9857142857143,3289
"514 溪湖鎮",2019,48,82.6714285714286,74.5714285714286,65.1571428571429,74.4285714285714,5234
"514 溪湖鎮",2019,49,76.7428571428571,66.4285714285714,55.4571428571429,66.2571428571429,6494
"514 溪湖鎮",2019,50,86.0714285714286,75.2,63.6285714285714,74.9714285714286,5878
"514 溪湖鎮",2019,51,78.2,68.6142857142857,58.8857142857143,68.7,8068
"514 溪湖鎮",2019,52,65.7857142857143,55.1857142857143,47.6571428571429,55.7428571428571,12850
"514 溪湖鎮",2020,1,64.42,55.84,46.58,55.7,10903
"514 溪湖鎮",2020,2,72.5,62.6,52.8428571428571,62.6,15325
"514 溪湖鎮",2020,3,93.6142857142857,77.5714285714286,60.5428571428571,77.4571428571429,15420
"514 溪湖鎮",2020,4,110.733333333333,89.7666666666667,71.0166666666667,90.3833333333333,15326
"514 溪湖鎮",2020,5,62.4857142857143,53.2857142857143,44.5285714285714,53.3428571428571,17891
"514 溪湖鎮",2020,6,70.8857142857143,58.8571428571429,48.3285714285714,59.1714285714286,12519
"514 溪湖鎮",2020,7,70.5714285714286,57.7142857142857,48.2,58.4142857142857,11959
"514 溪湖鎮",2020,8,67.1,54.4285714285714,41.6285714285714,54.4571428571429,8507
"514 溪湖鎮",2020,9,65.9142857142857,53.1428571428571,41.0857142857143,53.1285714285714,9789
"514 溪湖鎮",2020,10,62.1,51.1428571428571,37.8285714285714,50.5857142857143,7077
"514 溪湖鎮",2020,11,62.7,54.5714285714286,42.0428571428571,53.7428571428571,4869
"514 溪湖鎮",2020,12,75.4,62.7142857142857,50.2,62.6857142857143,3246
"514 溪湖鎮",2020,13,78.5,60.5714285714286,46.5428571428571,61.3714285714286,2612
"514 溪湖鎮",2020,14,78.2714285714286,63,46.1142857142857,62.6428571428571,1833
"514 溪湖鎮",2020,15,80.3857142857143,68,55.3571428571429,67.8571428571429,1144
"514 溪湖鎮",2020,16,79.05,69,59.2333333333333,69.1,724
"514 溪湖鎮",2020,17,90.4428571428572,78.8571428571429,67.8857142857143,78.9571428571429,664
"514 溪湖鎮",2020,18,90,83,69,81.6,153
"514 溪湖鎮",2020,46,155,150.666666666667,140.883333333333,149.6,204
"514 溪湖鎮",2020,47,139.95,129.166666666667,113.5,128.2,595
"514 溪湖鎮",2020,48,122.128571428571,100.142857142857,59.3571428571429,96.3714285714286,1561
"514 溪湖鎮",2020,49,129.357142857143,115.714285714286,94.2571428571429,114.142857142857,1468
"514 溪湖鎮",2020,50,132.614285714286,124.142857142857,106.228571428571,122.242857142857,1977
"514 溪湖鎮",2020,51,124.414285714286,109.142857142857,101.542857142857,110.6,2778
"514 溪湖鎮",2020,52,103.285714285714,88.8571428571429,74.6571428571429,88.8714285714286,4023
"514 溪湖鎮",2020,53,90.375,80.5,73,80.95,3406
"514 溪湖鎮",2021,1,95.4428571428571,86.5714285714286,78.1285714285714,86.6571428571429,6243
"514 溪湖鎮",2021,2,114.8,100.428571428571,86.3428571428571,100.471428571429,7317
"514 溪湖鎮",2021,3,107.542857142857,96.5714285714286,82.8142857142857,96.0285714285714,11599
"514 溪湖鎮",2021,4,83.2285714285714,73.7142857142857,64.2857142857143,73.6142857142857,14998
"514 溪湖鎮",2021,5,81.7857142857143,74.1428571428571,64.3428571428571,73.6285714285714,18827
"514 溪湖鎮",2021,6,74.0833333333333,61.8333333333333,49.75,61.85,16834
"514 溪湖鎮",2021,7,47.5,37.8571428571429,30.3428571428571,38.2285714285714,13783
"514 溪湖鎮",2021,8,52.3428571428571,43.4285714285714,36.5571428571429,43.7714285714286,10117
"514 溪湖鎮",2021,9,55.7857142857143,44.4285714285714,34.9428571428571,44.7142857142857,10443
"514 溪湖鎮",2021,10,55.7857142857143,45.8571428571429,38.0571428571429,46.1857142857143,9439
"514 溪湖鎮",2021,11,58.2857142857143,48.7142857142857,38.3,48.5285714285714,6730
"514 溪湖鎮",2021,12,66.1428571428571,52.7142857142857,42.9857142857143,53.4571428571429,3681
"514 溪湖鎮",2021,13,86.7857142857143,68,52.3571428571429,68.5714285714286,2880
"514 溪湖鎮",2021,14,92.6428571428571,74.2857142857143,54.4857142857143,73.8428571428571,980
"514 溪湖鎮",2021,15,109.383333333333,98.6666666666667,86.35,98.3333333333333,288
"514 溪湖鎮",2021,16,124.58,116.6,96.8,114.18,237
"514 溪湖鎮",2021,17,153.38,145.6,142,146.42,244
"514 溪湖鎮",2021,18,160,146.75,130,146.075,128
"514 溪湖鎮",2021,43,160,160,160,160,6
"514 溪湖鎮",2021,44,200,196.5,175,192.8,86
"514 溪湖鎮",2021,45,188.52,180,164,178.38,428
"514 溪湖鎮",2021,46,178.583333333333,164.666666666667,150.166666666667,164.383333333333,449
"514 溪湖鎮",2021,47,166.516666666667,157.666666666667,141.666666666667,156.1,524
"514 溪湖鎮",2021,48,153.171428571429,142,121,140,1380
"514 溪湖鎮",2021,49,135.228571428571,121.285714285714,105.142857142857,120.714285714286,3183
"514 溪湖鎮",2021,50,104.157142857143,89.8571428571429,81.7142857142857,90.9714285714286,5914
"514 溪湖鎮",2021,51,83.0857142857143,72.2285714285714,64,72.7428571428571,6565
"514 溪湖鎮",2021,52,76,67.9,60,67.94,6432
"514 溪湖鎮",2021,53,100.466666666667,89.3333333333333,61.9666666666667,85.9,2038
"514 溪湖鎮",2022,1,71.3,64.8285714285714,57.2,64.6,12959
"514 溪湖鎮",2022,2,75.4,68.5428571428571,61.7285714285714,68.5571428571428,14086
"514 溪湖鎮",2022,3,76.3714285714286,68.1571428571429,58.9285714285714,67.9571428571429,18170
"514 溪湖鎮",2022,4,87.4714285714286,72.1428571428571,55.8571428571429,71.9571428571429,24121
"514 溪湖鎮",2022,5,75.6166666666667,60.6666666666667,48.8666666666667,61.2833333333333,11013
"514 溪湖鎮",2022,6,71.6285714285714,61.7857142857143,50.9857142857143,61.6285714285714,15701
"514 溪湖鎮",2022,7,82.9571428571429,71.6285714285714,56.1857142857143,70.8,11306
"514 溪湖鎮",2022,8,110.057142857143,88.1,68.1285714285714,88.4857142857143,7323
"514 溪湖鎮",2022,9,135.114285714286,109.3,82.3571428571429,109.057142857143,7825
"514 溪湖鎮",2022,10,116.328571428571,91.0714285714286,71.0714285714286,92.1285714285714,5563
"514 溪湖鎮",2022,11,114.914285714286,95.3714285714286,71.7285714285714,94.5714285714286,5133
"514 溪湖鎮",2022,12,106.728571428571,90.8285714285714,72.2857142857143,90.3,3533
"514 溪湖鎮",2022,13,128.357142857143,97.9857142857143,76.9142857142857,99.8428571428571,1466
"514 溪湖鎮",2022,14,170.814285714286,129.457142857143,93.6428571428571,130.557142857143,752
"514 溪湖鎮",2022,15,170.542857142857,146.514285714286,115.185714285714,144.928571428571,615
"514 溪湖鎮",2022,16,160,132.242857142857,104.2,132.185714285714,649
"514 溪湖鎮",2022,17,158.333333333333,133.916666666667,105,133.033333333333,254
"514 溪湖鎮",2022,18,100,98.66,96,98.4,144
"514 溪湖鎮",2022,42,200,200,200,200,20
"514 溪湖鎮",2022,43,200.5,181.425,162.025,181.35,135
"514 溪湖鎮",2022,44,168.3,152,130.85,151.033333333333,546
"514 溪湖鎮",2022,45,139.528571428571,126.957142857143,112.985714285714,126.671428571429,1040
"514 溪湖鎮",2022,46,121.385714285714,103.214285714286,84.7,103.157142857143,1258
"514 溪湖鎮",2022,47,103.828571428571,89.6,70.0285714285714,88.5428571428571,1966
"514 溪湖鎮",2022,48,110.957142857143,90.8,68.7428571428571,90.3857142857143,2407
"514 溪湖鎮",2022,49,131.328571428571,103.514285714286,79.5571428571429,104.3,2397
"514 溪湖鎮",2022,50,162.285714285714,138.942857142857,105.585714285714,136.957142857143,2664
"514 溪湖鎮",2022,51,195.657142857143,177.157142857143,137.357142857143,172.885714285714,2930
"514 溪湖鎮",2022,52,157.125,144.25,129.875,143.975,6473
"514 溪湖鎮",2023,1,163.414285714286,147.757142857143,127.1,146.742857142857,6976
"514 溪湖鎮",2023,2,145.228571428571,129.314285714286,109.385714285714,128.514285714286,10423
"514 溪湖鎮",2023,3,169.483333333333,142.033333333333,115.116666666667,139.783333333333,12275
"514 溪湖鎮",2023,4,105.357142857143,81.7,62.5285714285714,82.6142857142857,10451
"514 溪湖鎮",2023,5,106.8,89.7714285714286,72.2285714285714,89.6571428571429,11438
"514 溪湖鎮",2023,6,94.0714285714286,79.6714285714286,64.8571428571429,79.5857142857143,11988
"514 溪湖鎮",2023,7,88.8571428571429,75.5,63.3428571428571,75.7428571428571,11935
"514 溪湖鎮",2023,8,85.8857142857143,74.6857142857143,59.4857142857143,73.8714285714286,9873
"514 溪湖鎮",2023,9,90.0142857142857,77.3428571428571,57.7,75.9285714285714,6777
"514 溪湖鎮",2023,10,104.485714285714,85.1285714285714,68.7142857142857,85.7285714285714,5517
"514 溪湖鎮",2023,11,101.514285714286,84.0571428571428,65.7571428571429,83.1142857142857,5998
"514 溪湖鎮",2023,12,83.6285714285714,70.1142857142857,54.3571428571429,69.6714285714286,4240
"514 溪湖鎮",2023,13,88.8571428571429,72.5857142857143,57.2714285714286,72.8,1552
"514 溪湖鎮",2023,14,101.142857142857,85.7285714285714,67.8857142857143,85.2428571428571,1568
"514 溪湖鎮",2023,15,109.485714285714,90.0571428571429,76.9,91.3,1271
"514 溪湖鎮",2023,16,102.057142857143,91.3714285714286,74.3285714285714,90.1,773
"514 溪湖鎮",2023,17,94.0571428571429,85.6857142857143,78.5714285714286,85.9428571428571,289
"514 溪湖鎮",2023,18,90,86.775,83.925,86.85,69
"514 溪湖鎮",2023,19,80,80,80,80,4
"514 溪湖鎮",2023,44,240,240,240,240,9
"514 溪湖鎮",2023,45,148,143.44,138,143.26,49
"514 溪湖鎮",2023,46,150,132.88,118,133.34,104
"514 溪湖鎮",2023,47,156.9,143.3,127.433333333333,142.85,467
"514 溪湖鎮",2023,48,152.728571428571,140.671428571429,126.528571428571,140.257142857143,1187
"514 溪湖鎮",2023,49,139.214285714286,124.528571428571,104.628571428571,123.5,2671
"514 溪湖鎮",2023,50,100.428571428571,84.8285714285714,71.2428571428571,85.2285714285714,5034
"514 溪湖鎮",2023,51,83.9285714285714,73.0857142857143,60.3,72.6857142857143,5695
"514 溪湖鎮",2023,52,97.975,88.3125,76.1875,87.8375,7555
"514 溪湖鎮",2024,1,95.7333333333333,86.5555555555556,76.4666666666667,86.3666666666667,8367
"514 溪湖鎮",2024,2,76.6571428571429,68.0714285714286,58.6571428571429,67.9,9899
"514 溪湖鎮",2024,3,69.2,60.3142857142857,52,60.4285714285714,16082
"514 溪湖鎮",2024,4,73.6714285714286,63.8142857142857,52.2857142857143,63.4857142857143,12473
"514 溪湖鎮",2024,5,84.5428571428571,74.6142857142857,62.5857142857143,74.2,17841
"514 溪湖鎮",2024,6,89.2833333333333,74.7,62.1833333333333,75.1,14106
"514 溪湖鎮",2024,7,73.9571428571429,63.9,51.9857142857143,63.5428571428571,11744
"514 溪湖鎮",2024,8,66.7428571428571,52.8714285714286,41.4571428571429,53.3714285714286,9586
"514 溪湖鎮",2024,9,71.6571428571429,60.6285714285714,49.4857142857143,60.6,5599
"514 溪湖鎮",2024,10,76.5285714285714,65.0285714285714,53,64.9285714285714,4673
"514 溪湖鎮",2024,11,86.6857142857143,71.7571428571429,57.4285714285714,71.8714285714286,3156
"514 溪湖鎮",2024,12,97.8714285714286,82.8,68.1,82.8714285714286,3164
"514 溪湖鎮",2024,13,95.1714285714286,80.1142857142857,61.0142857142857,79.3,1427
"514 溪湖鎮",2024,14,85.7428571428571,71.7285714285714,55.4857142857143,71.2857142857143,515
"514 溪湖鎮",2024,15,86.6666666666667,84.0333333333333,81.6666666666667,84.0666666666667,59
"514 溪湖鎮",2024,16,90,90,90,90,3
"514 溪湖鎮",2024,46,200,188.5,170,187.1,10
"514 溪湖鎮",2024,47,182.5,173.325,167.5,174,21
"514 溪湖鎮",2024,48,211.666666666667,201.783333333333,186.266666666667,200.333333333333,191
"514 溪湖鎮",2024,49,229.214285714286,215.8,198.9,215.114285714286,507
"514 溪湖鎮",2024,50,255.3,244.585714285714,192.585714285714,236.328571428571,1116
"514 溪湖鎮",2024,51,246.814285714286,225.185714285714,195.985714285714,223.685714285714,1593
"514 溪湖鎮",2024,52,167.828571428571,148.985714285714,135.2,149.985714285714,2751
"514 溪湖鎮",2025,1,142.56,131.78,119.92,131.56,2857
"514 溪湖鎮",2025,2,133.014285714286,123.014285714286,111.385714285714,122.685714285714,5201
"514 溪湖鎮",2025,3,131.071428571429,119.1,106.971428571429,119.071428571429,7417
"514 溪湖鎮",2025,4,148.7,131.042857142857,116.742857142857,131.728571428571,12736
"514 溪湖鎮",2025,5,103.5,77.5,62.85,79.75,12837
"514 溪湖鎮",2025,6,63.6142857142857,53.2428571428571,43.9714285714286,53.4571428571429,12984
"514 溪湖鎮",2025,7,62,53.1571428571429,45,53.3,12765
"514 溪湖鎮",2025,8,59.1285714285714,49.9285714285714,41.7,50.1428571428571,13384
"514 溪湖鎮",2025,9,61.2714285714286,51.5285714285714,43.8571428571429,51.9285714285714,9413
"514 溪湖鎮",2025,10,61.2142857142857,49.1,40.4857142857143,49.7857142857143,7823
"514 溪湖鎮",2025,11,73.5714285714286,59.1571428571429,48.1714285714286,59.8428571428571,5230
"514 溪湖鎮",2025,12,85.6714285714286,67.9285714285714,57.5142857142857,69.4,2325
"514 溪湖鎮",2025,13,122.757142857143,97.5142857142857,76.5285714285714,98.4,2698
"514 溪湖鎮",2025,14,130.971428571429,104.014285714286,87.7714285714286,106.157142857143,1490
"514 溪湖鎮",2025,15,122.071428571429,96.2571428571429,70.0142857142857,96.2,2451
"514 溪湖鎮",2025,16,121.516666666667,100.316666666667,78.2833333333333,100.15,953
"514 溪湖鎮",2025,17,103.966666666667,91.6333333333333,81.8,92.1333333333333,332
"514 溪湖鎮",2025,18,106.8,99.95,90,99.35,42
