市場,year,week,上價,中價,下價,平均價_元每公斤,交易量_公斤
400 台中市,2015,1,24.5,19.9,15.325,19.85,2852.25
400 台中市,2015,2,27.75,19.71666666666667,12.23333333333333,19.18333333333333,2375.5
400 台中市,2015,3,18.15,11.31666666666667,6.65,11.08333333333333,2032.333333333333
400 台中市,2015,4,17.0,11.03333333333333,6.55,10.83333333333333,1307.166666666667
400 台中市,2015,5,17.58333333333333,11.3,6.416666666666667,11.66666666666667,1139.833333333333
400 台中市,2015,6,17.0,10.01666666666667,5.016666666666667,9.966666666666669,1484.166666666667
400 台中市,2015,7,18.21666666666667,11.91666666666667,6.483333333333333,12.11666666666667,1044.166666666667
400 台中市,2015,8,23.86666666666667,14.76666666666667,5.766666666666667,13.83333333333333,1570.0
400 台中市,2015,9,23.58,16.5,9.62,17.98,658.2
400 台中市,2015,10,28.85,22.575,16.9,22.45,438.5
400 台中市,2015,11,31.68333333333333,25.9,16.66666666666667,23.98333333333333,404.8333333333333
400 台中市,2015,12,20.51666666666667,13.06666666666667,8.183333333333334,12.96666666666667,666.0
400 台中市,2015,13,22.38333333333333,17.15,12.91666666666667,16.91666666666667,467.1666666666667
400 台中市,2015,14,36.0,30.0,20.0,29.1,85.0
400 台中市,2015,15,24.0,23.33333333333333,22.66666666666667,23.53333333333333,38.66666666666666
400 台中市,2015,16,21.66666666666667,20.66666666666667,19.33333333333333,20.6,86.66666666666667
400 台中市,2015,17,18.8,17.54,15.8,17.28,122.0
400 台中市,2015,18,14.66666666666667,13.66666666666667,12.66666666666667,13.23333333333333,53.33333333333334
400 台中市,2015,19,12.0,10.0,8.0,9.3,60.0
400 台中市,2015,42,70.0,70.0,70.0,70.0,50.0
400 台中市,2015,43,50.58333333333334,41.75,29.83333333333333,37.01666666666667,170.0
400 台中市,2015,44,44.31666666666666,34.41666666666666,20.01666666666667,30.06666666666667,386.6666666666667
400 台中市,2015,45,39.36666666666667,30.03333333333333,19.55,28.8,287.1666666666667
400 台中市,2015,46,50.13333333333333,35.2,20.95,34.4,476.3333333333333
400 台中市,2015,47,22.58333333333333,14.36666666666667,6.483333333333333,13.28333333333333,931.0
400 台中市,2015,48,38.9,30.43333333333333,22.3,30.15,662.5
400 台中市,2015,49,52.35,43.15,27.23333333333333,39.35,811.3333333333334
400 台中市,2015,50,45.05,34.93333333333333,22.53333333333333,33.06666666666666,1242.666666666667
400 台中市,2015,51,43.16666666666666,35.01666666666667,23.35,34.73333333333333,1930.666666666667
400 台中市,2015,52,42.31666666666666,30.78333333333333,20.78333333333333,30.48333333333333,1784.166666666667
400 台中市,2015,53,32.3,24.93333333333333,18.06666666666667,25.26666666666667,767.3333333333334
400 台中市,2016,1,32.96666666666667,22.4,11.13333333333333,22.08333333333333,1071.5
400 台中市,2016,2,35.35,22.75,12.66666666666667,22.65,899.8333333333334
400 台中市,2016,3,50.88333333333333,40.83333333333333,27.5,39.76666666666667,596.3333333333334
400 台中市,2016,4,61.06666666666666,40.36666666666667,22.38333333333333,37.78333333333333,506.5
400 台中市,2016,5,53.91428571428571,32.35714285714285,12.68571428571429,32.62857142857143,742.0
400 台中市,2016,6,38.0,24.7,14.65,23.75,1485.5
400 台中市,2016,7,45.7,34.8,26.42,34.76,1347.4
400 台中市,2016,8,44.0,33.1,23.525,32.85,1427.75
400 台中市,2016,9,26.26666666666667,18.68333333333333,13.05,18.68333333333333,1352.166666666667
400 台中市,2016,10,21.46666666666667,13.85,7.95,13.81666666666667,860.6666666666666
400 台中市,2016,11,27.9,16.96666666666667,12.7,17.8,444.0
400 台中市,2016,12,35.41666666666666,28.98333333333333,22.91666666666667,28.13333333333333,310.0
400 台中市,2016,13,40.91666666666666,33.8,20.11666666666667,31.43333333333333,411.0
400 台中市,2016,14,15.8,13.48,10.0,13.66,181.4
400 台中市,2016,15,8.666666666666666,8.666666666666666,8.666666666666666,8.666666666666666,22.5
400 台中市,2016,16,14.0,11.16666666666667,8.333333333333334,9.266666666666667,26.66666666666667
400 台中市,2016,42,41.0,41.0,41.0,41.0,6.0
400 台中市,2016,44,60.0,60.0,60.0,60.0,20.0
400 台中市,2016,45,75.7,66.4,60.35,67.4,231.1666666666667
400 台中市,2016,46,36.31666666666666,26.98333333333333,15.65,25.1,528.1666666666666
400 台中市,2016,47,41.91666666666667,33.13333333333333,21.15,31.83333333333333,443.0
400 台中市,2016,48,50.95,40.43333333333333,25.98333333333333,38.13333333333333,418.5
400 台中市,2016,49,49.88333333333333,31.98333333333333,20.15,31.1,897.3333333333334
400 台中市,2016,50,32.2,24.63333333333333,16.06666666666667,24.35,2108.5
400 台中市,2016,51,37.91666666666666,28.65,18.13333333333333,28.63333333333333,1958.333333333333
400 台中市,2016,52,32.42,24.3,13.98,23.68,1251.4
400 台中市,2016,53,46.76666666666667,37.66666666666666,24.43333333333333,37.53333333333333,758.3333333333334
400 台中市,2017,1,24.46666666666667,17.13333333333333,9.316666666666666,16.45,691.1666666666666
400 台中市,2017,2,22.4,13.33333333333333,6.7,13.3,1211.5
400 台中市,2017,3,16.4,10.45,4.933333333333334,10.18333333333333,1721.0
400 台中市,2017,4,21.625,12.625,6.55,12.625,1120.75
400 台中市,2017,5,21.56666666666667,16.13333333333333,9.433333333333334,15.66666666666667,871.3333333333334
400 台中市,2017,6,23.24,17.44,10.3,17.26,1246.0
400 台中市,2017,7,31.0,24.83333333333333,16.68333333333333,23.05,695.8333333333334
400 台中市,2017,8,25.81666666666667,20.55,12.96666666666667,19.36666666666667,596.1666666666666
400 台中市,2017,9,42.36666666666667,31.46666666666667,21.31666666666667,29.06666666666667,308.6666666666667
400 台中市,2017,10,29.66666666666667,24.73333333333333,18.5,24.68333333333333,253.6666666666667
400 台中市,2017,11,35.16666666666666,29.01666666666667,21.66666666666667,28.93333333333333,116.0
400 台中市,2017,12,28.33333333333333,25.66666666666667,23.33333333333333,25.96666666666667,21.66666666666667
400 台中市,2017,13,38.0,32.5,23.25,32.5,270.0
400 台中市,2017,14,27.4,21.94,20.4,23.52,118.0
400 台中市,2017,15,22.16666666666667,16.6,12.5,17.3,183.3333333333333
400 台中市,2017,17,21.5,21.5,21.5,21.5,30.0
400 台中市,2017,19,19.0,19.0,19.0,19.0,20.0
400 台中市,2017,44,80.0,80.0,78.0,79.7,105.0
400 台中市,2017,45,78.53333333333333,62.46666666666667,52.45,65.2,160.3333333333333
400 台中市,2017,46,63.93333333333333,41.31666666666666,17.9,38.58333333333334,262.6
400 台中市,2017,47,60.3,49.18333333333334,38.23333333333333,47.8,438.0
400 台中市,2017,48,39.31666666666666,29.98333333333333,21.38333333333333,28.68333333333333,1191.166666666667
400 台中市,2017,49,36.66666666666666,27.1,19.86666666666667,27.6,1901.833333333333
400 台中市,2017,50,43.33333333333334,32.55,23.48333333333333,32.9,1752.666666666667
400 台中市,2017,51,56.43333333333334,45.95,34.65,45.58333333333334,3009.166666666667
400 台中市,2017,52,34.55714285714286,25.91428571428571,18.18571428571429,25.84285714285714,1685.857142857143
400 台中市,2018,1,31.41666666666667,23.21666666666667,16.56666666666667,23.93333333333333,1134.666666666667
400 台中市,2018,2,36.1,21.51666666666667,13.58333333333333,22.91666666666666,1772.0
400 台中市,2018,3,47.35,27.66666666666666,16.45,28.86666666666667,607.1666666666666
400 台中市,2018,4,28.63333333333333,16.43333333333333,8.516666666666667,17.1,1085.5
400 台中市,2018,5,33.8,21.0,13.26666666666667,21.88333333333333,1371.333333333333
400 台中市,2018,6,43.71666666666667,33.38333333333333,24.41666666666667,34.1,863.0
400 台中市,2018,7,32.725,17.9,9.45,19.9,1398.25
400 台中市,2018,8,26.76666666666667,15.53333333333333,9.133333333333333,17.46666666666667,1210.0
400 台中市,2018,9,19.06666666666667,9.45,5.0,9.866666666666667,1298.0
400 台中市,2018,10,21.1,13.975,9.125,14.425,558.25
400 台中市,2018,11,21.61666666666667,14.01666666666667,8.85,14.71666666666667,305.5
400 台中市,2018,12,15.58333333333333,8.766666666666667,5.883333333333333,9.516666666666667,457.1666666666667
400 台中市,2018,13,15.91666666666667,12.41666666666667,9.883333333333333,12.13333333333333,259.1666666666667
400 台中市,2018,14,18.0,7.800000000000001,6.15,9.2,295.0
400 台中市,2018,15,13.5,13.0,11.5,12.65,66.0
400 台中市,2018,16,25.33333333333333,25.0,24.66666666666667,25.1,23.0
400 台中市,2018,42,57.05,51.325,35.3,47.025,296.75
400 台中市,2018,43,55.26666666666667,38.51666666666667,20.36666666666667,34.95,470.8333333333333
400 台中市,2018,44,57.8,36.41666666666667,23.38333333333333,37.4,399.3333333333333
400 台中市,2018,45,55.86666666666667,43.41666666666667,19.2,38.88333333333333,333.3333333333333
400 台中市,2018,46,64.13333333333333,44.7,26.8,42.96666666666667,299.8333333333333
400 台中市,2018,47,42.11666666666667,31.46666666666667,21.4,30.6,772.8333333333334
400 台中市,2018,48,39.08333333333334,32.16666666666666,19.63333333333333,29.21666666666667,670.1666666666666
400 台中市,2018,49,25.55,15.4,6.666666666666667,14.86666666666667,1733.833333333333
400 台中市,2018,50,27.41666666666667,19.38333333333333,11.6,19.05,1832.666666666667
400 台中市,2018,51,28.35,19.15,11.41666666666667,19.65,4239.5
400 台中市,2018,52,24.26666666666667,19.16666666666667,12.01666666666667,18.7,1763.333333333333
400 台中市,2019,1,34.72857142857143,25.02857142857143,12.82857142857143,24.61428571428571,1278.571428571429
400 台中市,2019,2,27.61666666666667,18.28333333333333,10.46666666666667,17.95,937.8333333333334
400 台中市,2019,3,29.7,20.68333333333333,12.23333333333333,21.58333333333334,864.5
400 台中市,2019,4,38.88333333333333,30.61666666666667,21.53333333333333,30.56666666666667,869.0
400 台中市,2019,5,41.85,34.51666666666667,22.18333333333333,33.16666666666666,731.0
400 台中市,2019,6,55.35,37.05,25.95,42.0,475.0
400 台中市,2019,7,33.28333333333333,23.33333333333334,12.83333333333333,23.21666666666667,936.6666666666666
400 台中市,2019,8,24.06,15.96,9.9,15.76,1424.6
400 台中市,2019,9,27.98333333333333,19.65,12.13333333333333,19.13333333333333,463.1666666666667
400 台中市,2019,10,26.98333333333333,22.35,17.6,21.88333333333333,310.6666666666667
400 台中市,2019,11,40.58333333333334,35.53333333333333,27.03333333333333,33.96666666666667,187.5
400 台中市,2019,12,41.58333333333334,33.73333333333333,24.81666666666667,32.85,216.5
400 台中市,2019,13,42.28333333333333,37.55,32.25,36.76666666666667,157.8333333333333
400 台中市,2019,14,37.75,35.925,33.5,35.6,39.75
400 台中市,2019,15,26.08333333333333,19.01666666666667,14.75,18.85,122.8333333333333
400 台中市,2019,16,25.5,24.9,24.0,24.55,160.0
400 台中市,2019,17,18.0,17.66666666666667,16.66666666666667,17.33333333333333,73.33333333333333
400 台中市,2019,41,25.76666666666667,22.9,19.0,23.56666666666667,80.0
400 台中市,2019,42,44.28,38.72,30.38,37.3,250.0
400 台中市,2019,43,46.7,39.58333333333334,33.03333333333333,39.15,389.0
400 台中市,2019,44,38.08333333333334,30.1,19.86666666666667,29.16666666666667,549.5
400 台中市,2019,45,53.98333333333333,47.65,37.68333333333334,46.25,259.8333333333333
400 台中市,2019,46,63.56666666666667,49.83333333333334,37.16666666666666,49.56666666666666,603.3333333333334
400 台中市,2019,47,44.36666666666667,34.85,26.75,34.31666666666666,939.8333333333334
400 台中市,2019,48,42.38333333333333,34.9,23.58333333333333,32.86666666666667,667.8333333333334
400 台中市,2019,49,76.83333333333333,62.71666666666667,47.23333333333333,61.36666666666667,761.0
400 台中市,2019,50,50.48333333333333,36.75,23.45,36.5,1337.166666666667
400 台中市,2019,51,39.36666666666667,30.86666666666667,20.58333333333333,30.08333333333334,4021.5
400 台中市,2019,52,16.51666666666667,10.68333333333333,6.233333333333333,10.45,2214.0
400 台中市,2020,1,24.42,16.06,9.6,16.62,1664.6
400 台中市,2020,2,22.53333333333333,15.43333333333333,8.433333333333334,15.45,1329.833333333333
400 台中市,2020,3,22.51666666666667,14.61666666666667,8.683333333333334,14.65,1577.666666666667
400 台中市,2020,4,24.6,14.125,6.75,14.625,1700.75
400 台中市,2020,5,33.6,26.73333333333333,18.4,26.13333333333333,1704.666666666667
400 台中市,2020,6,43.24,35.24,22.4,34.68,954.0
400 台中市,2020,7,48.68333333333334,34.46666666666667,23.43333333333333,32.9,379.1666666666667
400 台中市,2020,8,50.75,45.26666666666667,36.41666666666666,44.21666666666667,225.5
400 台中市,2020,9,33.65,25.03333333333333,14.9,24.1,620.0
400 台中市,2020,10,24.36666666666667,17.55,11.0,16.13333333333333,379.8333333333333
400 台中市,2020,11,27.05,22.9,18.075,22.825,189.0
400 台中市,2020,12,34.66666666666666,32.91666666666666,29.66666666666667,32.0,96.33333333333331
400 台中市,2020,13,32.125,25.825,14.75,21.475,200.0
400 台中市,2020,14,31.86,25.58,20.2,26.34,190.2
400 台中市,2020,15,36.66666666666666,34.66666666666666,32.0,34.68333333333334,43.33333333333334
400 台中市,2020,18,16.0,16.0,16.0,16.0,40.0
400 台中市,2020,42,69.0,67.85,60.0,65.0,75.0
400 台中市,2020,43,76.8,71.7,66.55,71.8,135.3333333333333
400 台中市,2020,44,68.825,62.7,52.825,62.5,327.5
400 台中市,2020,45,65.23333333333333,54.1,44.5,55.0,432.3333333333333
400 台中市,2020,46,75.7,64.44,44.92,64.88,351.8
400 台中市,2020,47,58.36666666666667,35.78333333333333,18.0,33.73333333333333,823.6666666666666
400 台中市,2020,48,42.13333333333333,30.68333333333333,17.31666666666667,29.01666666666667,1067.0
400 台中市,2020,49,41.33333333333334,33.11666666666667,22.86666666666667,32.18333333333333,1286.666666666667
400 台中市,2020,50,46.85,37.85,25.85,36.68333333333334,1433.0
400 台中市,2020,51,54.5,43.53333333333333,33.18333333333334,44.1,2719.166666666667
400 台中市,2020,52,51.8,43.06666666666666,29.88333333333333,41.83333333333334,985.0
400 台中市,2020,53,64.96666666666667,58.73333333333333,50.16666666666666,58.53333333333333,845.0
400 台中市,2021,1,91.9,72.38333333333333,52.35,73.03333333333333,586.5
400 台中市,2021,2,95.86,74.7,45.26,70.42,1010.0
400 台中市,2021,3,44.33333333333334,32.36666666666667,18.16666666666667,30.58333333333333,1407.5
400 台中市,2021,4,20.21666666666667,12.98333333333333,7.816666666666666,12.91666666666667,1744.166666666667
400 台中市,2021,5,15.22,9.94,5.24,9.74,2012.8
400 台中市,2021,6,18.475,11.325,4.05,10.95,1777.5
400 台中市,2021,7,13.75,7.375,3.5,7.325,1744.75
400 台中市,2021,8,14.82,7.92,3.7,7.94,1665.8
400 台中市,2021,9,16.6,11.4,5.25,10.43333333333333,906.5
400 台中市,2021,10,28.78333333333333,21.71666666666667,12.33333333333333,20.86666666666667,396.1666666666667
400 台中市,2021,11,26.66666666666667,19.51666666666667,13.25,19.75,112.5
400 台中市,2021,12,36.0,35.5,35.0,35.2,36.0
400 台中市,2021,13,22.1,17.6,16.2,18.2,108.0
400 台中市,2021,15,21.33333333333333,21.33333333333333,21.33333333333333,21.33333333333333,36.66666666666666
400 台中市,2021,16,24.0,8.5,7.0,15.8,100.0
400 台中市,2021,17,20.0,20.0,20.0,20.0,30.0
400 台中市,2021,18,25.0,25.0,25.0,25.0,60.0
400 台中市,2021,40,30.5,25.8,21.0,26.85,130.0
400 台中市,2021,42,75.5,74.75,74.75,75.1,85.0
400 台中市,2021,43,92.0,90.0,88.5,90.2,170.0
400 台中市,2021,44,103.4666666666667,72.41666666666667,48.3,69.5,162.5
400 台中市,2021,45,96.76,81.88,53.12,77.0,460.8
400 台中市,2021,46,63.21666666666667,50.53333333333333,35.2,50.73333333333333,861.5
400 台中市,2021,47,46.43333333333333,34.83333333333334,23.66666666666667,35.23333333333333,1368.0
400 台中市,2021,48,51.33333333333334,43.63333333333333,32.08333333333334,42.65,1390.333333333333
400 台中市,2021,49,46.5,35.42,22.22,33.9,2070.4
400 台中市,2021,50,39.75,26.23333333333333,17.0,27.43333333333333,3265.166666666667
400 台中市,2021,51,33.5,20.35,11.5,20.85,3433.0
400 台中市,2021,52,25.725,16.025,9.05,15.875,2913.0
400 台中市,2021,53,93.6,78.93333333333334,59.7,77.76666666666667,921.6666666666666
400 台中市,2022,1,30.95,22.63333333333333,14.53333333333333,22.2,1915.333333333333
400 台中市,2022,2,23.18,13.82,8.1,14.12,2607.6
400 台中市,2022,3,20.25,12.63333333333333,7.366666666666667,12.46666666666667,1573.166666666667
400 台中市,2022,4,24.26666666666667,17.05,6.6,15.73333333333333,1904.0
400 台中市,2022,5,39.8,28.15,15.65,27.5,1569.5
400 台中市,2022,6,51.12,32.36,17.06,32.68,1180.4
400 台中市,2022,7,64.82000000000001,52.94,33.82,52.62,704.6
400 台中市,2022,8,75.15,55.55,38.83333333333334,57.21666666666667,307.8333333333333
400 台中市,2022,9,45.75,28.98333333333333,14.98333333333333,28.2,648.0
400 台中市,2022,10,38.3,28.34,17.46,26.1,446.0
400 台中市,2022,11,29.35,19.98333333333333,14.28333333333333,20.28333333333333,434.6666666666667
400 台中市,2022,12,23.2,15.86666666666667,10.26666666666667,16.45,461.6666666666667
400 台中市,2022,13,32.38333333333333,23.6,15.78333333333333,23.26666666666667,227.3333333333333
400 台中市,2022,14,34.3,31.18,25.6,30.24,184.2
400 台中市,2022,15,23.33333333333333,20.2,15.58333333333333,19.2,78.0
400 台中市,2022,16,25.0,21.5,16.75,19.125,34.0
400 台中市,2022,17,24.0,24.0,24.0,24.0,5.0
400 台中市,2022,42,97.2,91.74,89.8,93.36,55.6
400 台中市,2022,43,94.08333333333331,76.6,54.61666666666667,74.45,227.3333333333333
400 台中市,2022,44,82.61666666666666,68.75,49.28333333333333,66.88333333333333,398.1666666666667
400 台中市,2022,45,72.56666666666666,52.36666666666667,23.35,47.38333333333333,691.0
400 台中市,2022,46,36.84,26.3,10.7,24.34,1266.8
400 台中市,2022,47,57.18333333333334,43.2,27.65,43.15,503.3333333333333
400 台中市,2022,48,74.78333333333333,51.08333333333334,32.03333333333333,54.15,622.3333333333334
400 台中市,2022,49,80.4,67.43333333333334,47.21666666666667,64.8,723.3333333333334
400 台中市,2022,50,116.4,93.1,68.52,95.64,525.4
400 台中市,2022,51,133.05,100.0833333333333,69.83333333333333,99.68333333333334,1646.666666666667
400 台中市,2022,52,92.44285714285714,62.55714285714286,38.54285714285714,59.88571428571429,1357.142857142857
400 台中市,2023,1,56.6,42.25,25.53333333333333,39.9,1592.0
400 台中市,2023,2,27.63333333333333,20.75,11.7,20.06666666666667,1288.166666666667
400 台中市,2023,3,37.32,26.6,15.92,26.62,1783.0
400 台中市,2023,4,46.23333333333333,28.4,10.46666666666667,26.73333333333333,2027.0
400 台中市,2023,5,47.73333333333333,32.96666666666667,16.16666666666667,32.31666666666667,1251.166666666667
400 台中市,2023,6,21.44,10.46,4.44,10.16,2771.4
400 台中市,2023,7,24.81666666666667,15.71666666666667,9.65,15.78333333333333,1701.333333333333
400 台中市,2023,8,32.55,23.45,13.98333333333333,23.26666666666667,995.0
400 台中市,2023,9,40.68333333333333,30.48333333333333,18.08333333333333,29.76666666666667,361.8333333333333
400 台中市,2023,10,45.3,28.53333333333333,19.98333333333333,31.0,274.5
400 台中市,2023,11,27.88,16.6,11.08,16.96,730.2
400 台中市,2023,12,28.16666666666667,21.45,10.41666666666667,17.83333333333334,195.0
400 台中市,2023,13,23.0,19.5,14.75,18.2,185.0
400 台中市,2023,14,30.0,19.5,16.0,21.35,145.0
400 台中市,2023,15,20.0,18.5,17.0,18.2,50.0
400 台中市,2023,16,30.0,26.0,22.0,25.2,50.0
400 台中市,2023,44,58.0,41.5,28.8,40.0,258.5
400 台中市,2023,45,68.08333333333333,56.85,43.28333333333333,57.9,218.3333333333333
400 台中市,2023,46,104.68,77.04,48.14,74.26,381.6
400 台中市,2023,47,94.26666666666668,72.25,46.81666666666667,70.56666666666666,740.3333333333334
400 台中市,2023,48,55.11666666666667,42.66666666666666,27.9,41.81666666666666,1361.666666666667
400 台中市,2023,49,49.86,41.44,30.26,40.2,1331.6
400 台中市,2023,50,38.93333333333333,27.81666666666667,18.08333333333333,27.35,1534.0
400 台中市,2023,51,66.05,52.36666666666667,38.65,51.95,3324.0
400 台中市,2023,52,52.48571428571429,38.25714285714285,24.3,37.37142857142857,2493.0
400 台中市,2024,1,27.1,19.7,12.72857142857143,19.5,2344.571428571428
400 台中市,2024,2,27.63333333333333,18.93333333333333,11.98333333333333,19.43333333333333,1956.0
400 台中市,2024,3,28.05,21.78333333333333,13.56666666666667,21.41666666666667,1361.5
400 台中市,2024,4,31.96666666666667,21.03333333333333,12.71666666666667,21.08333333333333,2360.166666666667
400 台中市,2024,5,21.46,12.8,7.42,13.26,2099.8
400 台中市,2024,6,26.32,15.92,8.74,16.06,2199.0
400 台中市,2024,7,25.9,14.3,6.666666666666667,14.43333333333333,2149.333333333333
400 台中市,2024,8,24.28,13.8,6.62,13.54,1714.0
400 台中市,2024,9,47.98333333333333,32.9,19.56666666666667,33.63333333333333,649.0
400 台中市,2024,10,60.5,42.5,30.01666666666667,42.41666666666666,365.1666666666667
400 台中市,2024,11,61.46666666666667,57.15,51.36666666666667,56.93333333333333,149.1666666666667
400 台中市,2024,12,55.14,45.66,31.78,43.54,396.0
400 台中市,2024,13,32.95,25.6,17.725,24.825,196.75
400 台中市,2024,14,31.625,20.925,13.375,19.8,247.0
400 台中市,2024,15,19.66666666666667,18.73333333333333,16.16666666666667,17.96666666666667,60.0
400 台中市,2024,16,21.8,18.9,15.8,17.94,54.8
400 台中市,2024,19,10.0,10.0,10.0,10.0,3.0
400 台中市,2024,45,109.375,97.775,87.325,97.6,157.0
400 台中市,2024,46,104.1666666666667,81.63333333333333,55.86666666666667,81.43333333333334,394.8333333333333
400 台中市,2024,47,120.1,97.96,64.34,96.14,397.0
400 台中市,2024,48,118.8333333333333,91.41666666666669,59.7,88.63333333333333,911.3333333333334
400 台中市,2024,49,65.76666666666667,51.28333333333333,36.08333333333333,50.25,2087.0
400 台中市,2024,50,97.48333333333332,74.38333333333333,48.91666666666666,73.46666666666667,1308.833333333333
400 台中市,2024,51,101.5666666666667,80.73333333333333,59.26666666666667,79.58333333333334,3577.833333333333
400 台中市,2024,52,46.66,33.56,21.38,32.38,3882.0
400 台中市,2025,1,54.96,42.58,29.26,41.14,1474.8
400 台中市,2025,2,56.01666666666667,37.55,19.11666666666667,35.78333333333333,1818.833333333333
400 台中市,2025,3,49.12,37.98,24.98,37.14,1580.2
400 台中市,2025,4,46.2,31.23333333333333,16.56666666666667,30.15,1774.5
400 台中市,2025,5,53.25,36.75,18.1,35.95,1707.5
400 台中市,2025,6,36.03333333333333,23.51666666666667,13.16666666666667,21.86666666666667,2113.0
400 台中市,2025,7,48.325,32.125,17.4,30.425,2846.0
400 台中市,2025,8,30.25,19.61666666666667,8.666666666666666,19.25,1390.5
400 台中市,2025,9,30.33333333333333,19.58333333333333,10.18333333333333,19.58333333333333,1051.0
400 台中市,2025,10,24.52,14.88,6.82,13.82,1178.6
400 台中市,2025,11,28.03333333333333,17.88333333333333,8.333333333333334,16.61666666666667,604.8333333333334
400 台中市,2025,12,39.58333333333334,35.1,30.0,34.11666666666667,263.3333333333333
400 台中市,2025,13,50.125,40.45,27.425,41.35,203.75
400 台中市,2025,14,49.0,45.075,34.375,44.925,84.75
400 台中市,2025,15,45.33333333333334,43.5,32.66666666666666,37.66666666666666,50.0
420 豐原區,2016,1,22.225,20.75,19.75,20.855,1105.0
420 豐原區,2016,2,22.25,19.85,17.55,19.86333333333333,1724.166666666667
420 豐原區,2016,3,29.98,27.84,23.02,27.298,1798.0
420 豐原區,2016,4,29.0,27.73333333333333,17.83333333333333,26.01,1506.666666666667
420 豐原區,2016,5,33.0,30.84,29.6,31.024,996.0
420 豐原區,2016,6,20.0,20.0,20.0,20.0,250.0
420 豐原區,2016,7,18.75,18.75,18.75,18.75,240.0
420 豐原區,2016,8,35.5,35.5,35.5,35.5,550.0
420 豐原區,2016,9,22.33333333333333,22.33333333333333,22.33333333333333,22.33333333333333,336.6666666666667
420 豐原區,2016,10,12.0,12.0,12.0,12.0,430.0
420 豐原區,2016,11,15.0,15.0,15.0,15.0,240.0
420 豐原區,2016,50,30.0,22.63333333333333,14.33333333333333,22.44,1070.0
420 豐原區,2016,51,42.21666666666667,30.8,20.01666666666667,30.92333333333333,1915.0
420 豐原區,2016,52,30.34,22.54,13.34,22.26,5130.0
420 豐原區,2016,53,24.85,21.25,20.0,21.72,1220.0
420 豐原區,2017,1,24.11666666666667,15.93333333333333,9.333333333333334,16.255,2900.0
420 豐原區,2017,2,23.95,12.43333333333333,5.166666666666667,13.275,2010.0
420 豐原區,2017,3,18.15,12.3,7.15,12.43833333333333,3598.333333333333
420 豐原區,2017,4,21.2,13.675,6.275,13.7025,3582.5
420 豐原區,2017,5,23.375,14.425,9.1,15.1575,2127.5
420 豐原區,2017,6,27.6,18.61666666666667,12.56666666666667,19.20333333333333,2520.0
420 豐原區,2017,7,22.5,15.25,11.0,15.85,145.0
420 豐原區,2017,8,27.5,20.55,10.0,19.835,1250.0
420 豐原區,2017,9,30.33333333333333,20.53333333333333,14.0,21.18666666666667,2550.0
420 豐原區,2017,11,30.0,23.3,15.0,23.0,1500.0
420 豐原區,2017,14,32.5,27.95,22.5,27.7725,1875.0
420 豐原區,2017,16,15.0,11.7,10.0,12.0,1000.0
420 豐原區,2017,47,62.5,58.35,50.0,57.5,750.0
420 豐原區,2017,48,22.5,18.7,16.5,19.015,1300.0
420 豐原區,2017,49,32.0,25.26666666666667,21.45,25.85333333333333,1041.666666666667
420 豐原區,2017,50,36.25,26.325,18.75,26.7925,925.0
420 豐原區,2017,51,56.33333333333334,45.3,33.93333333333333,45.24,870.0
420 豐原區,2017,52,36.25,33.7,30.0,33.4675,600.0
420 豐原區,2018,1,25.0,18.9,16.0,19.535,710.0
420 豐原區,2018,2,33.95,23.3,14.95,23.76,1115.0
420 豐原區,2018,3,36.5,22.4,15.0,23.735,950.0
420 豐原區,2018,4,15.0,12.65,8.25,12.25,492.5
420 豐原區,2018,5,35.0,27.8,24.4,28.56333333333333,740.0
420 豐原區,2018,6,16.0,15.7,15.0,15.6,1500.0
420 豐原區,2018,7,35.0,23.9,10.0,23.33,1500.0
420 豐原區,2018,8,26.76666666666667,16.76666666666667,13.16666666666667,18.06333333333333,1089.333333333333
420 豐原區,2018,9,17.76666666666667,10.86666666666667,5.333333333333333,11.12666666666667,216.6666666666667
420 豐原區,2018,10,17.5,14.15,7.0,13.4,1500.0
420 豐原區,2018,11,21.9,17.925,16.25,18.375,400.0
420 豐原區,2018,12,20.0,20.0,18.8,19.76,360.0
420 豐原區,2018,13,12.5,10.55,10.0,10.835,700.0
420 豐原區,2018,15,16.5,16.5,16.5,16.5,190.0
420 豐原區,2018,42,70.0,62.9,60.0,63.75,40.0
420 豐原區,2018,43,22.2,15.15,13.0,16.145,85.0
420 豐原區,2018,46,43.66666666666666,32.33333333333334,21.0,32.33333333333334,190.0
420 豐原區,2018,47,34.91666666666666,31.38333333333333,26.55,31.11666666666667,466.6666666666667
420 豐原區,2018,48,31.65,30.35,27.96666666666667,30.12833333333333,200.0
420 豐原區,2018,49,23.55,18.45,13.26666666666667,18.44333333333333,185.8333333333333
420 豐原區,2018,50,22.5,17.41666666666667,9.65,16.86166666666667,515.0
420 豐原區,2018,51,25.16666666666667,17.58333333333333,11.18333333333333,17.82,1045.0
420 豐原區,2018,52,18.71666666666667,14.98333333333333,10.95,14.91,448.3333333333333
420 豐原區,2019,1,29.28571428571428,22.68571428571429,15.42857142857143,22.55428571428572,904.2857142857144
420 豐原區,2019,2,25.33333333333333,18.48333333333333,11.4,18.42833333333333,501.6666666666667
420 豐原區,2019,3,26.0,22.23333333333333,14.85,21.49666666666667,915.0
420 豐原區,2019,4,32.7,27.53333333333333,18.28333333333333,26.70833333333333,1523.333333333333
420 豐原區,2019,5,36.83333333333334,29.48333333333333,20.5,29.16333333333333,486.6666666666667
420 豐原區,2019,6,44.0,32.25,22.0,32.56,496.5
420 豐原區,2019,7,27.02,24.74,22.0,24.65,594.0
420 豐原區,2019,8,25.15,17.43333333333333,10.16666666666667,17.53333333333333,1378.333333333333
420 豐原區,2019,9,22.0,16.96666666666667,5.666666666666667,15.72,1126.666666666667
420 豐原區,2019,10,28.5,21.625,14.25,21.5225,627.5
420 豐原區,2019,11,35.33333333333334,28.6,20.33333333333333,28.29666666666667,706.6666666666666
420 豐原區,2019,12,37.66666666666666,32.23333333333333,26.33333333333333,32.14666666666667,110.0
420 豐原區,2019,13,39.0,32.5,28.0,32.89,90.0
420 豐原區,2019,14,42.25,37.675,33.25,37.7025,122.5
420 豐原區,2019,17,30.0,25.0,20.0,25.0,140.0
420 豐原區,2019,18,23.0,19.23333333333333,15.0,19.14666666666667,580.0
420 豐原區,2019,41,25.0,22.0,16.0,21.4,50.0
420 豐原區,2019,42,25.0,25.0,25.0,25.0,50.0
420 豐原區,2019,46,77.5,54.65000000000001,40.0,56.31,800.0
420 豐原區,2019,47,36.63333333333333,26.13333333333333,21.0,27.21333333333333,986.6666666666666
420 豐原區,2019,48,40.0,23.9,17.5,25.845,565.0
420 豐原區,2019,49,64.53333333333333,49.6,38.43333333333333,50.34666666666666,1000.0
420 豐原區,2019,50,48.175,36.175,27.5,36.85,465.0
420 豐原區,2019,51,39.84,33.4,26.66,33.344,1022.0
420 豐原區,2019,52,12.9,7.600000000000001,5.033333333333333,8.153333333333332,870.0
420 豐原區,2020,1,20.88,15.0,7.98,14.768,820.0
420 豐原區,2020,2,19.36666666666667,14.86666666666667,11.01666666666667,15.00166666666667,595.0
420 豐原區,2020,3,22.2,13.98333333333333,8.166666666666666,14.47,428.3333333333333
420 豐原區,2020,4,22.5,13.85,6.75,14.1675,590.0
420 豐原區,2020,5,27.5,19.7,15.0,20.315,285.0
420 豐原區,2020,6,39.86,33.68,27.96,33.764,518.0
420 豐原區,2020,7,28.0,28.0,28.0,28.0,500.0
420 豐原區,2020,9,22.66666666666667,21.6,16.03333333333333,20.7,283.3333333333333
420 豐原區,2020,10,22.6,21.66666666666667,21.66666666666667,21.85333333333333,83.33333333333333
420 豐原區,2020,42,65.66666666666667,65.66666666666667,65.66666666666667,65.66666666666667,113.3333333333333
420 豐原區,2020,43,70.0,69.375,68.75,69.375,117.5
420 豐原區,2020,45,35.0,35.0,35.0,35.0,100.0
420 豐原區,2020,46,42.5,40.0,37.5,40.0,13.5
420 豐原區,2020,47,39.84,25.6,16.26,26.574,184.0
420 豐原區,2020,48,36.5,36.5,36.5,36.5,25.0
420 豐原區,2020,49,33.3,24.86,19.0,25.38,121.6
420 豐原區,2020,50,28.33333333333333,23.96666666666667,21.66666666666667,24.37666666666667,143.3333333333333
420 豐原區,2020,51,40.54,32.7,26.38,32.998,538.2
420 豐原區,2020,52,50.63333333333333,35.91666666666666,24.63333333333333,36.60166666666667,652.3333333333334
420 豐原區,2020,53,54.16666666666666,35.7,21.66666666666667,36.58,1263.333333333333
420 豐原區,2021,1,79.0,67.75,54.675,67.38,375.0
420 豐原區,2021,2,101.5166666666667,81.06666666666666,60.66666666666666,81.06833333333333,403.3333333333333
420 豐原區,2021,3,48.8,31.71666666666667,20.23333333333333,32.84833333333334,156.6666666666667
420 豐原區,2021,4,16.8,12.86666666666667,8.95,12.87333333333333,866.1666666666666
420 豐原區,2021,5,13.28,9.78,6.58,9.842,1012.0
420 豐原區,2021,6,17.375,15.675,13.8,15.6425,548.75
420 豐原區,2021,7,14.8,12.26,6.38,11.588,984.0
420 豐原區,2021,8,13.0,9.94,8.0,10.168,610.0
420 豐原區,2021,9,15.0,15.0,15.0,15.0,30.0
420 豐原區,2021,10,29.5,18.2,12.83333333333333,19.37333333333333,86.66666666666667
420 豐原區,2021,11,25.36666666666667,17.33333333333333,10.33333333333333,17.55,931.6666666666666
420 豐原區,2021,12,30.0,17.8,13.66666666666667,19.41666666666667,213.3333333333333
420 豐原區,2021,46,40.0,36.65000000000001,25.0,34.965,120.0
420 豐原區,2021,47,42.0,34.5,23.98,33.898,282.0
420 豐原區,2021,48,45.0,43.38,38.26,42.672,96.0
420 豐原區,2021,49,54.95,45.56666666666667,33.03333333333333,44.94333333333334,365.0
420 豐原區,2021,50,35.58,22.64,13.02,23.302,1364.0
420 豐原區,2021,51,34.9,23.9,15.1,24.355,1398.0
420 豐原區,2021,52,24.675,20.15,16.275,20.2875,2037.5
420 豐原區,2021,53,87.5,74.63333333333333,63.03333333333333,74.88333333333333,580.0
420 豐原區,2022,1,24.88333333333333,19.68333333333333,15.6,19.9,1861.666666666667
420 豐原區,2022,2,22.06666666666667,17.73333333333333,11.46666666666667,17.35,2511.0
420 豐原區,2022,3,18.35,13.83333333333333,8.616666666666667,13.69166666666667,1858.666666666667
420 豐原區,2022,4,19.26666666666667,15.08333333333333,7.35,14.38833333333333,2486.666666666667
420 豐原區,2022,5,45.1,34.45,17.55,33.205,1455.0
420 豐原區,2022,6,49.85714285714285,46.67142857142857,31.37142857142857,44.25714285714286,717.8571428571429
420 豐原區,2022,7,54.51666666666667,49.59999999999999,42.36666666666667,49.12333333333333,523.3333333333334
420 豐原區,2022,8,72.6,70.65,61.95,69.2975,355.0
420 豐原區,2022,9,15.0,15.0,15.0,15.0,180.0
420 豐原區,2022,11,20.925,17.925,16.5,18.2375,247.5
420 豐原區,2022,12,19.675,17.225,14.5,17.165,272.5
420 豐原區,2022,13,21.0,21.0,21.0,21.0,165.0
420 豐原區,2022,14,31.96666666666667,29.0,28.66666666666667,29.52333333333333,56.66666666666666
420 豐原區,2022,15,18.33333333333333,16.83333333333333,13.33333333333333,16.43,86.66666666666667
420 豐原區,2022,16,40.0,40.0,20.0,36.0,50.0
420 豐原區,2022,42,109.3333333333333,103.0,90.33333333333331,101.7333333333333,35.0
420 豐原區,2022,43,83.66666666666667,80.0,68.66666666666667,78.46666666666667,98.33333333333331
420 豐原區,2022,44,89.53333333333333,69.93333333333334,51.66666666666666,70.21666666666667,79.66666666666667
420 豐原區,2022,45,80.06666666666666,64.38333333333333,43.61666666666667,63.38333333333333,295.0
420 豐原區,2022,46,39.5,27.96666666666667,16.83333333333333,28.06666666666667,392.0
420 豐原區,2022,47,49.76666666666667,40.76666666666667,25.95,39.6,537.5
420 豐原區,2022,48,75.75,55.21666666666667,27.31666666666667,53.76666666666667,824.8333333333334
420 豐原區,2022,49,94.8,87.26666666666667,77.5,86.83333333333333,140.0
420 豐原區,2022,50,107.6666666666667,92.16666666666669,72.1,91.25,260.0
420 豐原區,2022,51,121.1,106.15,78.16666666666666,103.5333333333333,498.5
420 豐原區,2022,52,74.97142857142858,57.85714285714285,38.45714285714286,57.39714285714285,639.2857142857143
420 豐原區,2023,1,65.78333333333333,44.08333333333334,27.11666666666667,45.03333333333333,577.6666666666666
420 豐原區,2023,2,31.05,26.48333333333333,19.98333333333333,26.1,756.6666666666666
420 豐原區,2023,3,36.08,26.58,14.14,25.98,882.4
420 豐原區,2023,4,40.0,25.4,15.36666666666667,26.33333333333333,1960.0
420 豐原區,2023,5,44.4,35.71666666666667,27.51666666666667,35.83333333333333,719.1666666666666
420 豐原區,2023,6,23.45,16.925,8.975,16.675,1650.0
420 豐原區,2023,7,21.51666666666667,16.7,10.38333333333333,16.4,1035.833333333333
420 豐原區,2023,8,29.66666666666667,22.46666666666667,14.81666666666667,22.36666666666667,800.8333333333334
420 豐原區,2023,9,40.51666666666667,33.93333333333333,26.68333333333333,33.8,614.5
420 豐原區,2023,10,41.81666666666666,34.56666666666666,23.33333333333333,33.78333333333333,238.6666666666667
420 豐原區,2023,11,26.93333333333333,20.8,12.83333333333333,20.43333333333333,556.6666666666666
420 豐原區,2023,12,28.83333333333333,22.8,12.61666666666667,21.98333333333333,241.6666666666667
420 豐原區,2023,13,20.0,16.0,12.0,16.0,200.0
420 豐原區,2023,14,29.5,22.5,15.5,22.5,700.0
420 豐原區,2023,44,81.45,49.9,21.45,50.5,180.5
420 豐原區,2023,45,81.33333333333333,67.51666666666667,40.83333333333334,64.93333333333334,137.5
420 豐原區,2023,46,96.425,83.825,60.1,81.575,288.25
420 豐原區,2023,47,87.2,71.21666666666667,44.5,69.06666666666666,272.5
420 豐原區,2023,48,52.38333333333333,42.84999999999999,30.13333333333333,42.21666666666667,571.5
420 豐原區,2023,49,48.27500000000001,43.25,37.5,43.125,342.75
420 豐原區,2023,50,41.08333333333334,31.23333333333333,19.5,30.86666666666667,921.8333333333334
420 豐原區,2023,51,57.18333333333333,48.35,40.08333333333334,48.48333333333333,1588.166666666667
420 豐原區,2023,52,62.01428571428571,48.15714285714286,30.98571428571429,47.5,1258.142857142857
420 豐原區,2024,1,28.37142857142857,23.04285714285714,12.24285714285714,21.94285714285714,1591.571428571429
420 豐原區,2024,2,27.03333333333333,23.33333333333333,14.71666666666667,22.35,1270.0
420 豐原區,2024,3,24.86666666666667,20.86666666666667,13.93333333333333,20.26666666666667,1469.666666666667
420 豐原區,2024,4,34.21666666666667,26.88333333333333,15.13333333333333,26.0,1875.833333333333
420 豐原區,2024,5,21.81666666666667,17.78333333333333,11.31666666666667,17.3,2158.166666666667
420 豐原區,2024,6,25.62,19.84,13.04,19.66,1347.0
420 豐原區,2024,7,24.9,18.95,7.575,17.85,2047.5
420 豐原區,2024,8,23.6,17.3,9.266666666666666,16.96666666666667,1368.333333333333
420 豐原區,2024,9,42.4,33.93333333333334,22.3,33.3,890.0
420 豐原區,2024,10,56.81666666666666,47.61666666666667,36.43333333333334,47.21666666666667,367.5
420 豐原區,2024,11,62.5,57.11666666666667,50.15,56.8,446.6666666666667
420 豐原區,2024,12,61.08333333333334,54.31666666666666,42.95,53.38333333333333,406.6666666666667
420 豐原區,2024,13,47.1,35.45,25.23333333333333,35.73333333333333,206.6666666666667
420 豐原區,2024,14,32.0,27.5,23.0,27.5,100.0
420 豐原區,2024,15,19.25,18.025,14.2,17.5,180.0
420 豐原區,2024,16,26.35,19.025,13.55,19.375,183.0
420 豐原區,2024,45,105.0,103.6,95.0,102.1,70.0
420 豐原區,2024,46,105.6666666666667,89.05,71.58333333333333,88.9,165.1666666666667
420 豐原區,2024,47,100.55,90.85,83.5,91.325,136.25
420 豐原區,2024,48,116.2166666666667,97.55,72.63333333333333,96.31666666666666,435.1666666666667
420 豐原區,2024,49,68.01666666666667,48.25,39.2,50.4,616.3333333333334
420 豐原區,2024,50,85.95,68.65,44.81666666666666,67.35,548.1666666666666
420 豐原區,2024,51,96.71666666666668,77.76666666666667,55.76666666666667,77.13333333333333,1224.333333333333
420 豐原區,2024,52,49.05,32.18333333333333,18.66666666666667,32.85,1067.833333333333
420 豐原區,2025,1,48.2,37.12,23.0,36.52,707.0
420 豐原區,2025,2,51.71666666666667,32.9,17.9,33.66666666666666,1249.0
420 豐原區,2025,3,47.68333333333334,35.78333333333333,25.8,36.18333333333333,715.0
420 豐原區,2025,4,40.28333333333333,31.25,22.86666666666667,31.36666666666667,1524.166666666667
420 豐原區,2025,5,51.85,34.3,17.65,34.5,1831.5
420 豐原區,2025,6,37.62857142857143,24.74285714285714,12.51428571428571,24.85714285714286,1871.0
420 豐原區,2025,7,51.6,36.54,20.62,36.36,1507.0
420 豐原區,2025,8,29.58333333333333,17.23333333333333,6.1,17.46666666666667,1456.666666666667
420 豐原區,2025,9,30.35,20.36666666666667,10.01666666666667,20.3,1141.166666666667
420 豐原區,2025,10,24.7,13.33333333333333,6.333333333333333,14.18333333333333,1006.833333333333
420 豐原區,2025,11,21.8,16.83333333333333,11.33333333333333,16.75,1063.833333333333
420 豐原區,2025,12,38.63333333333333,28.11666666666667,18.7,28.33333333333334,486.6666666666667
420 豐原區,2025,13,44.96666666666667,34.56666666666666,27.33333333333333,35.23333333333333,243.3333333333333
420 豐原區,2025,15,15.0,12.5,10.0,12.5,20.0
420 豐原區,2025,16,14.2,12.25,10.55,12.3,625.0
648 西螺鎮,2015,1,27.5,22.46666666666667,12.5,21.53333333333333,23705.0
648 西螺鎮,2015,2,29.83333333333333,24.25,13.33333333333333,23.26666666666667,22162.5
648 西螺鎮,2015,3,19.06666666666667,14.68333333333333,8.0,14.31666666666667,20861.33333333333
648 西螺鎮,2015,4,18.5,14.81666666666667,8.0,14.26666666666667,18413.66666666667
648 西螺鎮,2015,5,14.98333333333333,11.86666666666667,6.0,11.36666666666667,18227.16666666667
648 西螺鎮,2015,6,14.98333333333333,11.81666666666667,6.0,11.36666666666667,18332.33333333333
648 西螺鎮,2015,7,24.55714285714286,19.01428571428572,10.14285714285714,18.37142857142857,12209.71428571429
648 西螺鎮,2015,8,27.45,22.25,12.5,21.45,13356.5
648 西螺鎮,2015,9,34.98333333333333,29.48333333333333,15.0,27.8,7574.333333333333
648 西螺鎮,2015,10,38.28333333333333,30.45,15.83333333333333,29.08333333333334,6136.5
648 西螺鎮,2015,11,60.0,49.71666666666667,29.93333333333333,47.51666666666667,4131.166666666667
648 西螺鎮,2015,12,39.06666666666666,29.41666666666666,14.66666666666667,28.6,4519.333333333333
648 西螺鎮,2015,13,25.8,18.3,9.166666666666666,17.95,4347.666666666667
648 西螺鎮,2015,14,34.16666666666666,26.65,19.16666666666667,26.63333333333333,2873.333333333333
648 西螺鎮,2015,15,35.0,27.8,18.33333333333333,27.28333333333333,2004.0
648 西螺鎮,2015,16,44.61666666666667,34.65,20.0,33.68333333333333,1268.166666666667
648 西螺鎮,2015,43,76.96,59.4,34.0,57.76,2020.8
648 西螺鎮,2015,44,61.55,46.51666666666667,26.66666666666667,45.68333333333334,4245.833333333333
648 西螺鎮,2015,45,65.41666666666667,49.7,30.0,48.91666666666666,3983.5
648 西螺鎮,2015,46,73.33333333333333,58.13333333333333,34.95,56.55,5532.333333333333
648 西螺鎮,2015,47,43.68333333333334,33.63333333333333,20.0,32.96666666666667,7964.5
648 西螺鎮,2015,48,54.96666666666667,44.7,23.33333333333333,42.43333333333334,7827.333333333333
648 西螺鎮,2015,49,82.08333333333333,68.01666666666667,37.5,64.5,7807.5
648 西螺鎮,2015,50,70.81666666666666,55.4,29.16666666666667,53.21666666666667,8553.5
648 西螺鎮,2015,51,44.75,34.48333333333333,21.66666666666667,34.0,14513.5
648 西螺鎮,2015,52,49.86666666666667,39.78333333333333,23.33333333333333,38.56666666666666,16341.83333333333
648 西螺鎮,2015,53,41.25,31.2,20.0,30.95,14564.5
648 西螺鎮,2016,1,48.96666666666667,38.16666666666666,20.83333333333333,36.86666666666667,12810.0
648 西螺鎮,2016,2,44.43333333333333,32.13333333333333,15.0,31.23333333333333,10556.5
648 西螺鎮,2016,3,66.51666666666667,50.78333333333333,24.98333333333333,48.8,9301.166666666666
648 西螺鎮,2016,4,109.1333333333333,79.46666666666667,41.65,77.75,7185.833333333333
648 西螺鎮,2016,5,89.1,67.6,26.66666666666667,63.73333333333333,8495.5
648 西螺鎮,2016,6,100.0,74.5,30.0,70.65,9154.0
648 西螺鎮,2016,7,83.9,63.76666666666667,28.33333333333333,60.78333333333333,11218.0
648 西螺鎮,2016,8,62.28333333333333,45.56666666666666,20.83333333333333,44.1,11741.5
648 西螺鎮,2016,9,32.31428571428572,23.5,12.14285714285714,23.08571428571429,10890.57142857143
648 西螺鎮,2016,10,26.66666666666667,19.85,10.0,19.26666666666667,10318.0
648 西螺鎮,2016,11,44.08571428571428,32.52857142857142,18.57142857142857,31.98571428571428,6494.285714285715
648 西螺鎮,2016,12,59.08333333333333,43.81666666666666,20.0,42.08333333333334,6249.666666666667
648 西螺鎮,2016,13,74.21428571428571,55.85714285714285,27.11428571428571,53.7,4549.285714285715
648 西螺鎮,2016,14,60.98,39.98,20.0,40.0,3007.0
648 西螺鎮,2016,44,130.0,110.0,70.0,106.0,340.0
648 西螺鎮,2016,45,108.3166666666667,89.86666666666667,55.0,86.58333333333334,2453.166666666667
648 西螺鎮,2016,46,61.35714285714285,48.15714285714286,27.14285714285714,46.65714285714286,7877.142857142857
648 西螺鎮,2016,47,49.95,38.86666666666667,20.0,37.4,9163.166666666666
648 西螺鎮,2016,48,71.58571428571429,52.11428571428571,27.14285714285714,51.0,6117.714285714285
648 西螺鎮,2016,49,70.76666666666667,53.96666666666667,25.83333333333333,51.65,7409.5
648 西螺鎮,2016,50,42.44285714285714,31.34285714285714,16.11428571428571,30.5,10510.0
648 西螺鎮,2016,51,45.78333333333333,33.3,16.66666666666667,32.46666666666667,19122.5
648 西螺鎮,2016,52,36.51666666666667,25.56666666666667,10.83333333333333,24.9,14152.16666666667
648 西螺鎮,2016,53,55.0,44.8,25.0,42.84999999999999,9688.5
648 西螺鎮,2017,1,33.65,23.36666666666667,10.0,22.85,12833.83333333333
648 西螺鎮,2017,2,27.87142857142857,19.8,10.0,19.47142857142857,10092.14285714286
648 西螺鎮,2017,3,25.0,19.88333333333333,10.0,18.96666666666667,12821.83333333333
648 西螺鎮,2017,4,31.25,24.05,11.25,22.9,14285.75
648 西螺鎮,2017,5,48.98,38.2,19.0,36.32,8760.4
648 西螺鎮,2017,6,37.85,28.43333333333333,15.83333333333333,27.8,13884.0
648 西螺鎮,2017,7,39.97142857142857,30.7,15.71428571428571,29.52857142857143,11108.0
648 西螺鎮,2017,8,36.61666666666667,25.51666666666667,12.5,25.11666666666667,10326.0
648 西螺鎮,2017,9,66.38571428571429,52.65714285714286,32.11428571428571,51.18571428571428,5200.142857142857
648 西螺鎮,2017,10,48.75,37.93333333333334,18.33333333333333,36.18333333333333,6958.5
648 西螺鎮,2017,11,46.4,36.15714285714286,21.42857142857143,35.08571428571429,4764.0
648 西螺鎮,2017,12,50.0,39.51666666666667,25.0,38.45,3472.5
648 西螺鎮,2017,13,53.57142857142857,42.68571428571428,26.42857142857143,41.44285714285714,1775.285714285714
648 西螺鎮,2017,14,62.0,50.66,30.0,48.8,1306.0
648 西螺鎮,2017,15,60.0,49.64285714285714,30.0,47.68571428571428,783.0
648 西螺鎮,2017,42,105.4333333333333,85.43333333333334,53.33333333333334,83.03333333333333,630.0
648 西螺鎮,2017,43,113.5857142857143,86.51428571428572,54.28571428571428,85.34285714285714,725.8571428571429
648 西螺鎮,2017,44,116.4571428571429,89.1,52.85714285714285,87.21428571428571,1203.142857142857
648 西螺鎮,2017,45,109.9833333333333,88.1,55.0,85.9,2879.833333333333
648 西螺鎮,2017,46,78.27142857142857,63.4,35.71428571428572,61.28571428571428,3299.571428571428
648 西螺鎮,2017,47,83.31666666666666,66.2,39.16666666666666,64.03333333333333,6557.166666666667
648 西螺鎮,2017,48,48.07142857142857,36.95714285714286,19.28571428571428,35.77142857142857,9768.714285714286
648 西螺鎮,2017,49,37.5,29.1,15.83333333333333,28.11666666666667,14310.5
648 西螺鎮,2017,50,46.35714285714285,36.25714285714285,20.0,35.11428571428571,15106.42857142857
648 西螺鎮,2017,51,59.98333333333333,49.71666666666667,25.0,46.88333333333333,20403.33333333333
648 西螺鎮,2017,52,41.225,32.9375,17.5,31.525,13174.5
648 西螺鎮,2018,1,30.68571428571429,23.75714285714286,12.85714285714286,22.97142857142857,15827.28571428571
648 西螺鎮,2018,2,52.91666666666666,42.0,23.33333333333333,40.35,14799.5
648 西螺鎮,2018,3,71.18333333333334,59.18333333333334,35.0,56.81666666666666,9967.0
648 西螺鎮,2018,4,41.21666666666667,30.81666666666667,16.66666666666667,30.16666666666667,10414.16666666667
648 西螺鎮,2018,5,45.8,34.78333333333333,17.5,33.25,10337.0
648 西螺鎮,2018,6,48.21666666666667,37.18333333333333,19.16666666666667,35.55,10932.5
648 西螺鎮,2018,7,53.3,42.6,23.33333333333333,40.86666666666667,10134.0
648 西螺鎮,2018,8,43.86,31.52,17.0,30.98,10614.0
648 西螺鎮,2018,9,32.5,24.88333333333333,12.5,24.01666666666667,9481.5
648 西螺鎮,2018,10,25.9,19.36666666666667,10.83333333333333,18.91666666666667,8916.166666666666
648 西螺鎮,2018,11,41.48333333333333,31.11666666666667,17.5,30.1,4666.166666666667
648 西螺鎮,2018,12,28.26666666666667,19.8,10.0,19.35,4471.333333333333
648 西螺鎮,2018,13,25.0,19.98333333333333,10.0,18.75,3899.5
648 西螺鎮,2018,14,25.8,19.96,10.0,19.12,2886.2
648 西螺鎮,2018,41,114.3,90.15,55.0,87.825,668.75
648 西螺鎮,2018,42,79.8,61.56666666666666,33.33333333333334,59.36666666666667,2277.666666666667
648 西螺鎮,2018,43,56.75,45.33333333333334,26.66666666666667,43.95,4354.166666666667
648 西螺鎮,2018,44,58.51666666666667,45.28333333333333,28.33333333333333,44.53333333333333,4541.5
648 西螺鎮,2018,45,68.11666666666667,51.95,30.0,50.18333333333334,5331.666666666667
648 西螺鎮,2018,46,67.48333333333333,52.13333333333333,30.0,49.78333333333333,4704.166666666667
648 西螺鎮,2018,47,55.15,42.08333333333333,24.16666666666667,40.36666666666667,6842.166666666667
648 西螺鎮,2018,48,45.16666666666666,34.01666666666667,19.16666666666667,33.5,7260.5
648 西螺鎮,2018,49,26.96666666666667,20.76666666666667,10.83333333333333,20.1,11604.5
648 西螺鎮,2018,50,29.98333333333333,24.81666666666667,15.0,23.93333333333333,15106.16666666667
648 西螺鎮,2018,51,28.33333333333333,23.21666666666667,13.33333333333333,22.31666666666667,18064.83333333333
648 西螺鎮,2018,52,27.5,22.38333333333333,12.5,21.5,17709.33333333333
648 西螺鎮,2019,1,41.0,30.61428571428571,18.57142857142857,30.2,13872.85714285714
648 西螺鎮,2019,2,39.71666666666667,29.01666666666667,18.33333333333333,28.9,10470.83333333333
648 西螺鎮,2019,3,32.35714285714285,21.7,12.14285714285714,21.98571428571429,9851.285714285714
648 西螺鎮,2019,4,48.58333333333333,37.78333333333333,20.0,35.75,10034.5
648 西螺鎮,2019,5,47.42857142857143,37.02857142857142,21.42857142857143,35.71428571428572,10590.0
648 西螺鎮,2019,6,65.0,54.5,30.0,50.9,6898.0
648 西螺鎮,2019,7,51.08333333333333,39.35,20.83333333333333,37.93333333333333,9034.0
648 西螺鎮,2019,8,32.36666666666667,22.41666666666667,12.5,22.51666666666667,10675.66666666667
648 西螺鎮,2019,9,35.28333333333333,24.95,15.0,25.01666666666667,8970.333333333334
648 西螺鎮,2019,10,48.08333333333334,37.31666666666666,21.43333333333333,36.25,4986.833333333333
648 西螺鎮,2019,11,54.16666666666666,43.41666666666666,22.5,41.5,4264.0
648 西螺鎮,2019,12,57.81666666666666,46.28333333333333,23.33333333333333,44.08333333333334,3806.833333333333
648 西螺鎮,2019,13,56.95,44.63333333333333,25.0,43.35,2718.833333333333
648 西螺鎮,2019,14,62.98,49.98,31.0,48.84,1288.6
648 西螺鎮,2019,15,67.3,52.7,35.0,52.2,1062.0
648 西螺鎮,2019,41,69.56666666666666,50.0,20.0,47.66666666666666,1285.0
648 西螺鎮,2019,42,69.1,49.6,20.0,47.56666666666667,2005.666666666667
648 西螺鎮,2019,43,61.03333333333333,45.76666666666667,20.0,43.43333333333333,4276.166666666667
648 西螺鎮,2019,44,50.0,39.9,20.0,37.26666666666667,5569.0
648 西螺鎮,2019,45,67.88333333333333,54.35,28.33333333333333,51.45,4964.5
648 西螺鎮,2019,46,76.21666666666667,62.06666666666666,34.16666666666666,58.78333333333333,6470.5
648 西螺鎮,2019,47,50.0,39.93333333333333,20.0,37.9,8261.5
648 西螺鎮,2019,48,43.6,32.33333333333334,19.16666666666667,31.96666666666667,8855.666666666666
648 西螺鎮,2019,49,85.8,68.31666666666666,35.83333333333334,65.25,7838.833333333333
648 西螺鎮,2019,50,74.85,59.78333333333333,28.33333333333333,56.66666666666666,9952.166666666666
648 西螺鎮,2019,51,36.03333333333333,26.53333333333333,11.66666666666667,25.58333333333333,16443.0
648 西螺鎮,2019,52,25.33333333333333,18.31666666666667,9.333333333333334,17.95,19439.16666666667
648 西螺鎮,2020,1,32.875,22.4,12.5,22.6,14192.0
648 西螺鎮,2020,2,34.85,24.85,15.0,24.98333333333333,12947.16666666667
648 西螺鎮,2020,3,37.38333333333333,27.11666666666667,15.0,26.81666666666667,11809.16666666667
648 西螺鎮,2020,4,36.09999999999999,26.1,16.25,26.2,13366.5
648 西螺鎮,2020,5,71.25,58.6,30.0,55.35,11182.0
648 西螺鎮,2020,6,64.48333333333333,50.71666666666667,26.66666666666667,48.71666666666667,10766.66666666667
648 西螺鎮,2020,7,71.65,54.75,30.0,53.03333333333333,6717.5
648 西螺鎮,2020,8,75.38333333333333,58.83333333333334,30.83333333333333,56.58333333333334,5894.0
648 西螺鎮,2020,9,51.6,38.35,20.0,37.21666666666667,5310.666666666667
648 西螺鎮,2020,10,30.4,20.71666666666667,10.83333333333333,20.81666666666667,5677.833333333333
648 西螺鎮,2020,11,43.26666666666667,31.83333333333334,17.5,31.11666666666667,3029.5
648 西螺鎮,2020,12,71.15,52.7,30.0,51.93333333333333,2161.0
648 西螺鎮,2020,13,58.5,44.5,25.0,43.71666666666667,1702.333333333333
648 西螺鎮,2020,14,48.06666666666666,36.83333333333334,16.66666666666667,36.03333333333333,1407.333333333333
648 西螺鎮,2020,42,88.72,71.86,46.0,70.26,1728.2
648 西螺鎮,2020,43,86.28333333333333,68.23333333333333,45.0,67.23333333333333,2167.333333333333
648 西螺鎮,2020,44,90.56666666666666,71.51666666666667,51.66666666666666,71.18333333333334,3245.0
648 西螺鎮,2020,45,68.33333333333333,52.3,30.0,51.1,6597.333333333333
648 西螺鎮,2020,46,80.68333333333334,63.86666666666667,35.0,61.51666666666667,6519.166666666667
648 西螺鎮,2020,47,59.26666666666667,46.55,25.83333333333333,45.08333333333333,7525.166666666667
648 西螺鎮,2020,48,44.98333333333333,34.91666666666666,20.0,34.01666666666667,8959.666666666666
648 西螺鎮,2020,49,48.68333333333334,38.26666666666667,20.83333333333333,36.93333333333334,10517.0
648 西螺鎮,2020,50,58.33333333333334,46.33333333333334,23.33333333333333,44.18333333333334,9768.5
648 西螺鎮,2020,51,54.95,42.45,21.66666666666667,40.86666666666667,12947.0
648 西螺鎮,2020,52,60.0,49.5,25.0,46.78333333333333,13547.83333333333
648 西螺鎮,2020,53,73.125,56.725,30.0,54.575,11034.25
648 西螺鎮,2021,1,120.4166666666667,89.93333333333334,54.98333333333333,88.91666666666667,7599.833333333333
648 西螺鎮,2021,2,125.0333333333333,99.88333333333333,61.66666666666666,97.25,7075.833333333333
648 西螺鎮,2021,3,59.11666666666667,46.66666666666666,25.0,44.86666666666667,8937.833333333334
648 西螺鎮,2021,4,27.71666666666667,17.48333333333333,10.83333333333333,18.33333333333334,11562.66666666667
648 西螺鎮,2021,5,21.02857142857143,15.0,10.0,15.27142857142857,12343.85714285714
648 西螺鎮,2021,6,19.9,15.0,10.0,14.9,16219.0
648 西螺鎮,2021,7,25.0,19.78,10.0,18.7,10208.2
648 西螺鎮,2021,8,21.35,15.65,8.333333333333334,15.38333333333333,10056.16666666667
648 西螺鎮,2021,9,26.63333333333333,19.68333333333333,10.16666666666667,19.13333333333333,8181.0
648 西螺鎮,2021,10,43.13333333333333,32.26666666666667,15.0,31.18333333333333,4650.5
648 西螺鎮,2021,11,44.86666666666667,34.55,20.0,33.11666666666667,2969.5
648 西螺鎮,2021,12,69.16666666666667,53.91666666666666,29.16666666666667,50.06666666666666,1386.5
648 西螺鎮,2021,41,100.0,79.55,50.0,77.775,260.0
648 西螺鎮,2021,42,105.0,82.8,51.66666666666666,81.05,381.6666666666667
648 西螺鎮,2021,43,136.7333333333333,103.6,68.31666666666666,102.8833333333333,860.0
648 西螺鎮,2021,44,108.3333333333333,87.26666666666667,53.33333333333334,84.71666666666667,1660.333333333333
648 西螺鎮,2021,45,121.6666666666667,91.35,48.33333333333334,88.48333333333333,3881.333333333333
648 西螺鎮,2021,46,82.5,63.78333333333333,31.66666666666667,61.01666666666667,5502.333333333333
648 西螺鎮,2021,47,44.2,33.2,20.83333333333333,33.0,8876.166666666666
648 西螺鎮,2021,48,50.36666666666667,39.86666666666667,20.83333333333333,38.08333333333333,10079.66666666667
648 西螺鎮,2021,49,49.63333333333333,38.18333333333333,18.33333333333333,36.53333333333333,10427.66666666667
648 西螺鎮,2021,50,35.7,26.38333333333333,10.83333333333333,25.26666666666667,13922.16666666667
648 西螺鎮,2021,51,39.05,29.11666666666667,15.0,28.31666666666667,16902.0
648 西螺鎮,2021,52,36.92,26.74,16.0,26.68,17246.8
648 西螺鎮,2021,53,110.0,89.6,44.95,84.25,10871.5
648 西螺鎮,2022,1,28.76666666666667,22.11666666666667,12.5,21.58333333333333,16023.66666666667
648 西螺鎮,2022,2,28.33333333333333,23.2,13.33333333333333,22.3,16116.33333333333
648 西螺鎮,2022,3,23.31666666666667,18.3,10.0,17.58333333333333,14297.0
648 西螺鎮,2022,4,29.07142857142857,21.35714285714286,12.07142857142857,20.8,13869.0
648 西螺鎮,2022,5,60.0,50.0,30.0,48.0,14370.0
648 西螺鎮,2022,6,71.66666666666667,59.1,30.83333333333333,55.96666666666667,10082.5
648 西螺鎮,2022,7,68.39999999999999,50.03333333333333,25.75,48.66666666666666,8435.5
648 西螺鎮,2022,8,93.33333333333331,73.75,37.5,70.3,5455.833333333333
648 西螺鎮,2022,9,74.93333333333334,57.88333333333333,30.83333333333333,55.76666666666667,4932.333333333333
648 西螺鎮,2022,10,49.98333333333333,39.85,20.0,37.96666666666667,4888.833333333333
648 西螺鎮,2022,11,49.15,39.06666666666666,20.0,35.08333333333334,4300.833333333333
648 西螺鎮,2022,12,40.25,29.63333333333333,15.0,28.95,3845.666666666667
648 西螺鎮,2022,13,46.38571428571429,36.25714285714286,18.57142857142857,34.48571428571429,2363.142857142857
648 西螺鎮,2022,14,50.0,40.0,20.0,37.52,1061.6
648 西螺鎮,2022,42,120.0,100.0,50.0,92.8,1223.0
648 西螺鎮,2022,43,105.0,86.43333333333334,43.33333333333334,81.55,2225.0
648 西螺鎮,2022,44,88.73333333333333,73.25,34.16666666666666,68.55,3780.0
648 西螺鎮,2022,45,89.13333333333333,70.55,35.83333333333334,67.38333333333334,4071.666666666667
648 西螺鎮,2022,46,45.38333333333333,33.96666666666667,16.66666666666667,32.86666666666667,8121.666666666667
648 西螺鎮,2022,47,56.15,44.86666666666667,21.63333333333333,42.36666666666667,6530.0
648 西螺鎮,2022,48,85.75,69.45,33.33333333333334,65.43333333333334,6286.5
648 西螺鎮,2022,49,97.3,79.93333333333334,40.0,75.48333333333333,6139.333333333333
648 西螺鎮,2022,50,114.4166666666667,86.28333333333333,46.66666666666666,82.71666666666667,6236.833333333333
648 西螺鎮,2022,51,120.0,89.91666666666667,50.0,87.95,10800.0
648 西螺鎮,2022,52,113.4571428571429,86.11428571428571,45.0,83.28571428571429,10446.0
648 西螺鎮,2023,1,79.96666666666667,62.41666666666666,32.5,59.93333333333334,10736.66666666667
648 西螺鎮,2023,2,35.83333333333334,25.81666666666667,15.0,25.66666666666667,10998.16666666667
648 西螺鎮,2023,3,46.92,34.96,19.0,34.14,12056.6
648 西螺鎮,2023,4,61.66666666666666,46.2,26.66666666666667,45.33333333333334,10099.0
648 西螺鎮,2023,5,58.33333333333334,46.2,26.66666666666667,44.73333333333333,8869.333333333334
648 西螺鎮,2023,6,35.18333333333334,26.63333333333333,13.33333333333333,25.76666666666667,12592.66666666667
648 西螺鎮,2023,7,25.83333333333333,20.83333333333333,10.83333333333333,19.85,11414.0
648 西螺鎮,2023,8,40.11666666666667,28.33333333333333,15.0,28.0,7267.333333333333
648 西螺鎮,2023,9,48.0,34.96666666666667,16.66666666666667,33.98333333333333,5875.0
648 西螺鎮,2023,10,57.43333333333333,43.11666666666667,20.0,40.98333333333333,2847.0
648 西螺鎮,2023,11,50.68333333333334,38.25,18.33333333333333,36.75,3107.666666666667
648 西螺鎮,2023,12,45.0,34.93333333333333,15.0,32.98333333333333,2579.666666666667
648 西螺鎮,2023,13,55.0,44.22,22.0,41.94,1830.4
648 西螺鎮,2023,43,130.0,100.0,70.0,100.0,734.0
648 西螺鎮,2023,44,103.2666666666667,78.08333333333333,48.33333333333334,77.21666666666667,1747.5
648 西螺鎮,2023,45,79.63333333333333,59.91666666666666,30.0,58.03333333333333,4032.666666666667
648 西螺鎮,2023,46,119.1,97.56666666666666,48.33333333333334,91.76666666666668,3673.5
648 西螺鎮,2023,47,89.48333333333333,70.58333333333333,37.5,67.85,3805.166666666667
648 西螺鎮,2023,48,56.31666666666667,42.46666666666667,22.5,41.35,6735.0
648 西螺鎮,2023,49,50.01666666666667,39.9,20.0,38.01666666666667,9241.166666666666
648 西螺鎮,2023,50,46.16666666666666,35.8,15.83333333333333,33.48333333333333,11343.5
648 西螺鎮,2023,51,65.05,51.18333333333334,29.98333333333333,49.75,15461.0
648 西螺鎮,2023,52,58.31666666666666,44.13333333333333,25.0,43.2,14174.83333333333
648 西螺鎮,2024,1,33.15,26.15,15.0,25.35,17537.125
648 西螺鎮,2024,2,26.28333333333333,20.0,10.0,19.25,16472.0
648 西螺鎮,2024,3,27.61666666666667,19.96666666666667,10.0,19.55,14884.33333333333
648 西螺鎮,2024,4,41.7,30.75,18.33333333333333,30.6,11267.16666666667
648 西螺鎮,2024,5,34.16666666666666,26.35,14.16666666666667,25.48333333333333,11603.83333333333
648 西螺鎮,2024,6,29.375,23.625,12.5,22.55,13433.0
648 西螺鎮,2024,7,35.0,29.7,15.0,27.875,10370.25
648 西螺鎮,2024,8,28.33333333333333,23.13333333333333,11.66666666666667,21.91666666666667,9533.666666666666
648 西螺鎮,2024,9,45.58333333333334,32.71666666666667,17.5,32.43333333333334,8723.833333333334
648 西螺鎮,2024,10,62.5,50.38333333333333,29.93333333333333,48.7,4600.833333333333
648 西螺鎮,2024,11,66.66666666666667,52.06666666666666,28.33333333333333,50.25,3407.666666666667
648 西螺鎮,2024,12,70.0,49.33333333333333,25.0,48.61666666666667,2987.333333333333
648 西螺鎮,2024,13,57.46666666666667,43.71666666666667,22.5,42.28333333333333,2170.166666666667
648 西螺鎮,2024,44,150.0,117.6,60.0,112.9,184.0
648 西螺鎮,2024,45,151.5666666666667,120.0,60.0,114.3166666666667,846.6666666666666
648 西螺鎮,2024,46,147.9166666666667,116.1333333333333,58.33333333333334,111.1666666666667,2108.833333333333
648 西螺鎮,2024,47,133.3333333333333,99.96666666666668,50.0,96.65,3723.333333333333
648 西螺鎮,2024,48,122.45,89.4,45.0,87.45,4214.833333333333
648 西螺鎮,2024,49,83.16666666666666,63.2,30.0,60.71666666666667,6762.166666666667
648 西螺鎮,2024,50,76.96666666666667,59.1,33.33333333333334,57.8,8365.333333333334
648 西螺鎮,2024,51,109.5333333333333,76.61666666666667,55.0,79.2,11248.33333333333
648 西螺鎮,2024,52,49.18333333333334,39.16666666666666,19.16666666666667,37.2,16043.66666666667
648 西螺鎮,2025,1,51.15,38.75,21.25,37.8,11691.25
648 西螺鎮,2025,2,54.86666666666667,43.33333333333334,21.66666666666667,41.16666666666666,9936.5
648 西螺鎮,2025,3,50.38333333333333,39.96666666666667,20.0,38.06666666666666,11492.83333333333
648 西螺鎮,2025,4,43.35714285714285,31.42857142857143,15.71428571428571,30.74285714285714,11924.42857142857
648 西螺鎮,2025,5,57.25,44.7,20.0,42.35,4495.5
648 西螺鎮,2025,6,46.85,36.58333333333334,17.5,34.93333333333334,7120.166666666667
648 西螺鎮,2025,7,51.66666666666666,41.4,21.66666666666667,39.6,10145.0
648 西螺鎮,2025,8,34.91666666666666,25.0,12.5,24.51666666666667,13065.33333333333
648 西螺鎮,2025,9,35.4,26.65,12.5,25.86666666666667,9999.666666666666
648 西螺鎮,2025,10,30.0,24.93333333333333,10.0,22.98333333333333,7418.166666666667
648 西螺鎮,2025,11,30.0,24.98333333333333,10.0,23.23333333333333,5508.333333333333
648 西螺鎮,2025,12,70.68333333333334,51.01666666666667,27.43333333333333,50.16666666666666,3015.0
648 西螺鎮,2025,13,79.5,59.41666666666666,30.0,57.76666666666667,1302.166666666667
